,0
0,https://store.utahavalanchecenter.org/collections/events-1
1,https://www.mammut.com/
2,/
3,/observations-avalanches/submit
4,
5,/forecast/logan
6,/forecast/ogden
7,/forecast/salt-lake
8,/forecast/provo
9,/forecast/uintas
10,/forecast/skyline
11,/forecast/moab
12,/forecast/abajos
13,/node/13549
14,/archives/forecasts
15,/node/41482
16,/node/13652
17,/observations
18,/avalanches
19,/avalanches/fatalities
20,http://wasatchbackcountryskiing.com/
21,/node/16726
22,/node/69813
23,/node/70741
24,/node/69815
25,/node/70744
26,https://store.utahavalanchecenter.org/collections/events-1
27,https://store.utahavalanchecenter.org/
28,/node/21578
29,/node/13544
30,https://utahavalanchecenter.org/core-values
31,/node/13545
32,/node/13546
33,/node/39841
34,/node/39875
35,/node/16727
36,/user/login
37,/node/39859
38,/join
39,/forecast/logan
40,/forecast/ogden
41,/forecast/salt-lake
42,/forecast/provo
43,/forecast/uintas
44,/forecast/skyline
45,/forecast/moab
46,/forecast/abajos
47,/node/13549
48,/archives/forecasts
49,/node/41482
50,/node/13652
51,/observations
52,/avalanches
53,/avalanches/fatalities
54,http://wasatchbackcountryskiing.com/
55,/node/16726
56,/node/69813
57,/node/70741
58,/node/69815
59,/node/70744
60,https://store.utahavalanchecenter.org/collections/events-1
61,https://store.utahavalanchecenter.org/
62,/node/21578
63,/node/13544
64,https://utahavalanchecenter.org/core-values
65,/node/13545
66,/node/13546
67,/node/39841
68,/node/39875
69,/node/16727
70,/user/login
71,/node/39859
72,/observations-avalanches/submit
73,/join
74,/forecast/logan
75,/forecast/ogden
76,/forecast/salt-lake
77,/forecast/provo
78,/forecast/uintas
79,/forecast/skyline
80,/forecast/moab
81,/forecast/abajos
82,/node/13549
83,/archives/forecasts
84,/node/41482
85,https://www.northstarsuo.com/
86,/archive/advisories/logan
87,/archive/advisories/ogden
88,/archive/advisories/salt-lake
89,/archive/advisories/provo
90,/archive/advisories/uintas
91,/archive/advisories/skyline
92,/archive/advisories/moab
93,/archive/advisories/abajo
94,/archive/advisories/la-sal-mountains
95,/archive/advisories/southwest
96,/archive/advisories/wasatch
97,/archive/advisories/state-wide
98,/archives/forecasts/logan
99,/archives/forecasts/ogden
100,/archives/forecasts/uintas
101,/archives/forecasts/salt-lake
102,/archives/forecasts/provo
103,/archives/forecasts/skyline
104,/archives/forecasts/moab
105,/archives/forecasts/abajos
106,/forecast/salt-lake/10/2/2023
107,/forecast/salt-lake/5/8/2023
108,/forecast/salt-lake/5/7/2023
109,/forecast/salt-lake/5/6/2023
110,/forecast/salt-lake/5/4/2023
111,/forecast/salt-lake/5/2/2023
112,/forecast/salt-lake/4/30/2023
113,/forecast/salt-lake/4/27/2023
114,/forecast/salt-lake/4/26/2023
115,/forecast/salt-lake/4/25/2023
116,/forecast/salt-lake/4/24/2023
117,/forecast/salt-lake/4/23/2023
118,/forecast/salt-lake/4/22/2023
119,/forecast/salt-lake/4/21/2023
120,/forecast/salt-lake/4/20/2023
121,/forecast/salt-lake/4/19/2023
122,/forecast/salt-lake/4/18/2023
123,/forecast/salt-lake/4/17/2023
124,/forecast/salt-lake/4/16/2023
125,/forecast/salt-lake/4/15/2023
126,/forecast/salt-lake/4/14/2023
127,/forecast/salt-lake/4/13/2023
128,/forecast/salt-lake/4/12/2023
129,/forecast/salt-lake/4/11/2023
130,/forecast/salt-lake/4/10/2023
131,/forecast/salt-lake/4/9/2023
132,/forecast/salt-lake/4/8/2023
133,/forecast/salt-lake/4/7/2023
134,/forecast/salt-lake/4/6/2023
135,/forecast/salt-lake/4/5/2023
136,/forecast/salt-lake/4/4/2023
137,/forecast/salt-lake/4/3/2023
138,/forecast/salt-lake/4/2/2023
139,/forecast/salt-lake/4/1/2023
140,/forecast/salt-lake/3/31/2023
141,/forecast/salt-lake/3/30/2023
142,/forecast/salt-lake/3/29/2023
143,/forecast/salt-lake/3/28/2023
144,/forecast/salt-lake/3/27/2023
145,/forecast/salt-lake/3/26/2023
146,/forecast/salt-lake/3/25/2023
147,/forecast/salt-lake/3/24/2023
148,/forecast/salt-lake/3/23/2023
149,/forecast/salt-lake/3/22/2023
150,/forecast/salt-lake/3/21/2023
151,/forecast/salt-lake/3/20/2023
152,/forecast/salt-lake/3/19/2023
153,/forecast/salt-lake/3/18/2023
154,/forecast/salt-lake/3/17/2023
155,/forecast/salt-lake/3/16/2023
156,#_
157,/archives/forecasts/salt-lake?page=1
158,/lift-ticket-donations
159,/affiliate-sales
160,/civicrm/profile/create?gid=1&reset=1
161,tel:+18889994019
162,/about/contact
163,/privacy-policy
164,https://www.instagram.com/utavy/
165,https://www.facebook.com/Utah.Avalanche.Center
166,https://twitter.com/UACwasatch
167,https://store.utahavalanchecenter.org/collections/events-1
168,https://www.mammut.com/
169,/
170,/observations-avalanches/submit
171,
172,/forecast/logan
173,/forecast/ogden
174,/forecast/salt-lake
175,/forecast/provo
176,/forecast/uintas
177,/forecast/skyline
178,/forecast/moab
179,/forecast/abajos
180,/node/13549
181,/archives/forecasts
182,/node/41482
183,/node/13652
184,/observations
185,/avalanches
186,/avalanches/fatalities
187,http://wasatchbackcountryskiing.com/
188,/node/16726
189,/node/69813
190,/node/70741
191,/node/69815
192,/node/70744
193,https://store.utahavalanchecenter.org/collections/events-1
194,https://store.utahavalanchecenter.org/
195,/node/21578
196,/node/13544
197,https://utahavalanchecenter.org/core-values
198,/node/13545
199,/node/13546
200,/node/39841
201,/node/39875
202,/node/16727
203,/user/login
204,/node/39859
205,/join
206,/forecast/logan
207,/forecast/ogden
208,/forecast/salt-lake
209,/forecast/provo
210,/forecast/uintas
211,/forecast/skyline
212,/forecast/moab
213,/forecast/abajos
214,/node/13549
215,/archives/forecasts
216,/node/41482
217,/node/13652
218,/observations
219,/avalanches
220,/avalanches/fatalities
221,http://wasatchbackcountryskiing.com/
222,/node/16726
223,/node/69813
224,/node/70741
225,/node/69815
226,/node/70744
227,https://store.utahavalanchecenter.org/collections/events-1
228,https://store.utahavalanchecenter.org/
229,/node/21578
230,/node/13544
231,https://utahavalanchecenter.org/core-values
232,/node/13545
233,/node/13546
234,/node/39841
235,/node/39875
236,/node/16727
237,/user/login
238,/node/39859
239,/observations-avalanches/submit
240,/join
241,/forecast/logan
242,/forecast/ogden
243,/forecast/salt-lake
244,/forecast/provo
245,/forecast/uintas
246,/forecast/skyline
247,/forecast/moab
248,/forecast/abajos
249,/node/13549
250,/archives/forecasts
251,/node/41482
252,https://www.northstarsuo.com/
253,/archive/advisories/logan
254,/archive/advisories/ogden
255,/archive/advisories/salt-lake
256,/archive/advisories/provo
257,/archive/advisories/uintas
258,/archive/advisories/skyline
259,/archive/advisories/moab
260,/archive/advisories/abajo
261,/archive/advisories/la-sal-mountains
262,/archive/advisories/southwest
263,/archive/advisories/wasatch
264,/archive/advisories/state-wide
265,/archives/forecasts/logan
266,/archives/forecasts/ogden
267,/archives/forecasts/uintas
268,/archives/forecasts/salt-lake
269,/archives/forecasts/provo
270,/archives/forecasts/skyline
271,/archives/forecasts/moab
272,/archives/forecasts/abajos
273,/forecast/salt-lake/3/15/2023
274,/forecast/salt-lake/3/14/2023
275,/forecast/salt-lake/3/13/2023
276,/forecast/salt-lake/3/12/2023
277,/forecast/salt-lake/3/11/2023
278,/forecast/salt-lake/3/10/2023
279,/forecast/salt-lake/3/9/2023
280,/forecast/salt-lake/3/8/2023
281,/forecast/salt-lake/3/7/2023
282,/forecast/salt-lake/3/6/2023
283,/forecast/salt-lake/3/5/2023
284,/forecast/salt-lake/3/4/2023
285,/forecast/salt-lake/3/3/2023
286,/forecast/salt-lake/3/2/2023
287,/forecast/salt-lake/3/1/2023
288,/forecast/salt-lake/2/28/2023
289,/forecast/salt-lake/2/27/2023
290,/forecast/salt-lake/2/26/2023
291,/forecast/salt-lake/2/25/2023
292,/forecast/salt-lake/2/24/2023
293,/forecast/salt-lake/2/23/2023
294,/forecast/salt-lake/2/22/2023
295,/forecast/salt-lake/2/21/2023
296,/forecast/salt-lake/2/20/2023
297,/forecast/salt-lake/2/19/2023
298,/forecast/salt-lake/2/18/2023
299,/forecast/salt-lake/2/17/2023
300,/forecast/salt-lake/2/16/2023
301,/forecast/salt-lake/2/15/2023
302,/forecast/salt-lake/2/14/2023
303,/forecast/salt-lake/2/13/2023
304,/forecast/salt-lake/2/12/2023
305,/forecast/salt-lake/2/11/2023
306,/forecast/salt-lake/2/10/2023
307,/forecast/salt-lake/2/9/2023
308,/forecast/salt-lake/2/8/2023
309,/forecast/salt-lake/2/7/2023
310,/forecast/salt-lake/2/6/2023
311,/forecast/salt-lake/2/5/2023
312,/forecast/salt-lake/2/4/2023
313,/forecast/salt-lake/2/3/2023
314,/forecast/salt-lake/2/2/2023
315,/forecast/salt-lake/2/1/2023
316,/forecast/salt-lake/1/31/2023
317,/forecast/salt-lake/1/30/2023
318,/forecast/salt-lake/1/29/2023
319,/forecast/salt-lake/1/28/2023
320,/forecast/salt-lake/1/27/2023
321,/forecast/salt-lake/1/26/2023
322,/forecast/salt-lake/1/25/2023
323,/archives/forecasts/salt-lake
324,/archives/forecasts/salt-lake?page=2
325,/lift-ticket-donations
326,/affiliate-sales
327,/civicrm/profile/create?gid=1&reset=1
328,tel:+18889994019
329,/about/contact
330,/privacy-policy
331,https://www.instagram.com/utavy/
332,https://www.facebook.com/Utah.Avalanche.Center
333,https://twitter.com/UACwasatch
334,https://store.utahavalanchecenter.org/collections/events-1
335,https://www.mammut.com/
336,/
337,/observations-avalanches/submit
338,
339,/forecast/logan
340,/forecast/ogden
341,/forecast/salt-lake
342,/forecast/provo
343,/forecast/uintas
344,/forecast/skyline
345,/forecast/moab
346,/forecast/abajos
347,/node/13549
348,/archives/forecasts
349,/node/41482
350,/node/13652
351,/observations
352,/avalanches
353,/avalanches/fatalities
354,http://wasatchbackcountryskiing.com/
355,/node/16726
356,/node/69813
357,/node/70741
358,/node/69815
359,/node/70744
360,https://store.utahavalanchecenter.org/collections/events-1
361,https://store.utahavalanchecenter.org/
362,/node/21578
363,/node/13544
364,https://utahavalanchecenter.org/core-values
365,/node/13545
366,/node/13546
367,/node/39841
368,/node/39875
369,/node/16727
370,/user/login
371,/node/39859
372,/join
373,/forecast/logan
374,/forecast/ogden
375,/forecast/salt-lake
376,/forecast/provo
377,/forecast/uintas
378,/forecast/skyline
379,/forecast/moab
380,/forecast/abajos
381,/node/13549
382,/archives/forecasts
383,/node/41482
384,/node/13652
385,/observations
386,/avalanches
387,/avalanches/fatalities
388,http://wasatchbackcountryskiing.com/
389,/node/16726
390,/node/69813
391,/node/70741
392,/node/69815
393,/node/70744
394,https://store.utahavalanchecenter.org/collections/events-1
395,https://store.utahavalanchecenter.org/
396,/node/21578
397,/node/13544
398,https://utahavalanchecenter.org/core-values
399,/node/13545
400,/node/13546
401,/node/39841
402,/node/39875
403,/node/16727
404,/user/login
405,/node/39859
406,/observations-avalanches/submit
407,/join
408,/forecast/logan
409,/forecast/ogden
410,/forecast/salt-lake
411,/forecast/provo
412,/forecast/uintas
413,/forecast/skyline
414,/forecast/moab
415,/forecast/abajos
416,/node/13549
417,/archives/forecasts
418,/node/41482
419,https://www.northstarsuo.com/
420,/archive/advisories/logan
421,/archive/advisories/ogden
422,/archive/advisories/salt-lake
423,/archive/advisories/provo
424,/archive/advisories/uintas
425,/archive/advisories/skyline
426,/archive/advisories/moab
427,/archive/advisories/abajo
428,/archive/advisories/la-sal-mountains
429,/archive/advisories/southwest
430,/archive/advisories/wasatch
431,/archive/advisories/state-wide
432,/archives/forecasts/logan
433,/archives/forecasts/ogden
434,/archives/forecasts/uintas
435,/archives/forecasts/salt-lake
436,/archives/forecasts/provo
437,/archives/forecasts/skyline
438,/archives/forecasts/moab
439,/archives/forecasts/abajos
440,/forecast/salt-lake/1/24/2023
441,/forecast/salt-lake/1/23/2023
442,/forecast/salt-lake/1/22/2023
443,/forecast/salt-lake/1/21/2023
444,/forecast/salt-lake/1/20/2023
445,/forecast/salt-lake/1/19/2023
446,/forecast/salt-lake/1/18/2023
447,/forecast/salt-lake/1/17/2023
448,/forecast/salt-lake/1/16/2023
449,/forecast/salt-lake/1/15/2023
450,/forecast/salt-lake/1/14/2023
451,/forecast/salt-lake/1/13/2023
452,/forecast/salt-lake/1/12/2023
453,/forecast/salt-lake/1/11/2023
454,/forecast/salt-lake/1/10/2023
455,/forecast/salt-lake/1/9/2023
456,/forecast/salt-lake/1/8/2023
457,/forecast/salt-lake/1/7/2023-0
458,/forecast/salt-lake/1/6/2023
459,/forecast/salt-lake/1/5/2023
460,/forecast/salt-lake/1/4/2023
461,/forecast/salt-lake/1/3/2023
462,/forecast/salt-lake/1/2/2023
463,/forecast/salt-lake/1/1/2023
464,/forecast/salt-lake/12/31/2022
465,/forecast/salt-lake/12/30/2022
466,/forecast/salt-lake/12/29/2022
467,/forecast/salt-lake/12/28/2022
468,/forecast/salt-lake/12/27/2022
469,/forecast/salt-lake/12/26/2022
470,/forecast/salt-lake/12/25/2022
471,/forecast/salt-lake/12/24/2022
472,/forecast/salt-lake/12/23/2022
473,/forecast/salt-lake/12/22/2022
474,/forecast/salt-lake/12/21/2022
475,/forecast/salt-lake/12/20/2022
476,/forecast/salt-lake/12/19/2022
477,/forecast/salt-lake/12/18/2022
478,/forecast/salt-lake/12/17/2022
479,/forecast/salt-lake/12/16/2022
480,/forecast/salt-lake/12/15/2022
481,/forecast/salt-lake/12/14/2022
482,/forecast/salt-lake/12/13/2022
483,/forecast/salt-lake/12/12/2022
484,/forecast/salt-lake/12/11/2022
485,/forecast/salt-lake/12/10/2022
486,/forecast/salt-lake/12/9/2022
487,/forecast/salt-lake/12/8/2022
488,/forecast/salt-lake/12/7/2022
489,/forecast/salt-lake/12/6/2022
490,/archives/forecasts/salt-lake?page=1
491,/archives/forecasts/salt-lake?page=3
492,/lift-ticket-donations
493,/affiliate-sales
494,/civicrm/profile/create?gid=1&reset=1
495,tel:+18889994019
496,/about/contact
497,/privacy-policy
498,https://www.instagram.com/utavy/
499,https://www.facebook.com/Utah.Avalanche.Center
500,https://twitter.com/UACwasatch
501,https://store.utahavalanchecenter.org/collections/events-1
502,https://www.mammut.com/
503,/
504,/observations-avalanches/submit
505,
506,/forecast/logan
507,/forecast/ogden
508,/forecast/salt-lake
509,/forecast/provo
510,/forecast/uintas
511,/forecast/skyline
512,/forecast/moab
513,/forecast/abajos
514,/node/13549
515,/archives/forecasts
516,/node/41482
517,/node/13652
518,/observations
519,/avalanches
520,/avalanches/fatalities
521,http://wasatchbackcountryskiing.com/
522,/node/16726
523,/node/69813
524,/node/70741
525,/node/69815
526,/node/70744
527,https://store.utahavalanchecenter.org/collections/events-1
528,https://store.utahavalanchecenter.org/
529,/node/21578
530,/node/13544
531,https://utahavalanchecenter.org/core-values
532,/node/13545
533,/node/13546
534,/node/39841
535,/node/39875
536,/node/16727
537,/user/login
538,/node/39859
539,/join
540,/forecast/logan
541,/forecast/ogden
542,/forecast/salt-lake
543,/forecast/provo
544,/forecast/uintas
545,/forecast/skyline
546,/forecast/moab
547,/forecast/abajos
548,/node/13549
549,/archives/forecasts
550,/node/41482
551,/node/13652
552,/observations
553,/avalanches
554,/avalanches/fatalities
555,http://wasatchbackcountryskiing.com/
556,/node/16726
557,/node/69813
558,/node/70741
559,/node/69815
560,/node/70744
561,https://store.utahavalanchecenter.org/collections/events-1
562,https://store.utahavalanchecenter.org/
563,/node/21578
564,/node/13544
565,https://utahavalanchecenter.org/core-values
566,/node/13545
567,/node/13546
568,/node/39841
569,/node/39875
570,/node/16727
571,/user/login
572,/node/39859
573,/observations-avalanches/submit
574,/join
575,/forecast/logan
576,/forecast/ogden
577,/forecast/salt-lake
578,/forecast/provo
579,/forecast/uintas
580,/forecast/skyline
581,/forecast/moab
582,/forecast/abajos
583,/node/13549
584,/archives/forecasts
585,/node/41482
586,https://www.northstarsuo.com/
587,/archive/advisories/logan
588,/archive/advisories/ogden
589,/archive/advisories/salt-lake
590,/archive/advisories/provo
591,/archive/advisories/uintas
592,/archive/advisories/skyline
593,/archive/advisories/moab
594,/archive/advisories/abajo
595,/archive/advisories/la-sal-mountains
596,/archive/advisories/southwest
597,/archive/advisories/wasatch
598,/archive/advisories/state-wide
599,/archives/forecasts/logan
600,/archives/forecasts/ogden
601,/archives/forecasts/uintas
602,/archives/forecasts/salt-lake
603,/archives/forecasts/provo
604,/archives/forecasts/skyline
605,/archives/forecasts/moab
606,/archives/forecasts/abajos
607,/forecast/salt-lake/12/5/2022
608,/forecast/salt-lake/12/4/2022
609,/forecast/salt-lake/12/3/2022
610,/forecast/salt-lake/12/2/2022
611,/forecast/salt-lake/12/1/2022
612,/forecast/salt-lake/11/30/2022
613,/forecast/salt-lake/11/29/2022
614,/forecast/salt-lake/11/28/2022
615,/forecast/salt-lake/11/27/2022
616,/forecast/salt-lake/11/25/2022
617,/forecast/salt-lake/11/23/2022
618,/forecast/salt-lake/11/20/2022
619,/forecast/salt-lake/11/19/2022
620,/forecast/salt-lake/11/18/2022
621,/forecast/salt-lake/11/17/2022
622,/forecast/salt-lake/11/16/2022
623,/forecast/salt-lake/11/15/2022
624,/forecast/salt-lake/11/14/2022
625,/forecast/salt-lake/11/13/2022
626,/forecast/salt-lake/11/12/2022
627,/forecast/salt-lake/11/10/2022
628,/forecast/salt-lake/11/9/2022
629,/forecast/salt-lake/11/8/2022
630,/forecast/salt-lake/11/7/2022
631,/forecast/salt-lake/11/6/2022
632,/forecast/salt-lake/11/5/2022
633,/forecast/salt-lake/11/4/2022
634,/forecast/salt-lake/11/3/2022
635,/forecast/salt-lake/11/1/2022
636,/forecast/salt-lake/10/28/2022
637,/forecast/salt-lake/10/26/2022
638,/forecast/salt-lake/10/24/2022
639,/forecast/salt-lake/10/22/2022
640,/forecast/salt-lake/10/17/2022
641,/forecast/salt-lake/9/12/2022
642,/forecast/salt-lake/5/1/2022
643,/forecast/salt-lake/4/29/2022
644,/forecast/salt-lake/4/24/2022
645,/forecast/salt-lake/4/23/2022
646,/forecast/salt-lake/4/22/2022
647,/forecast/salt-lake/4/20/2022
648,/forecast/salt-lake/4/18/2022
649,/forecast/salt-lake/4/17/2022
650,/forecast/salt-lake/4/16/2022
651,/forecast/salt-lake/4/15/2022
652,/forecast/salt-lake/4/14/2022
653,/forecast/salt-lake/4/13/2022
654,/forecast/salt-lake/4/12/2022
655,/forecast/salt-lake/4/11/2022
656,/forecast/salt-lake/4/10/2022
657,/archives/forecasts/salt-lake?page=2
658,/archives/forecasts/salt-lake?page=4
659,/lift-ticket-donations
660,/affiliate-sales
661,/civicrm/profile/create?gid=1&reset=1
662,tel:+18889994019
663,/about/contact
664,/privacy-policy
665,https://www.instagram.com/utavy/
666,https://www.facebook.com/Utah.Avalanche.Center
667,https://twitter.com/UACwasatch
668,https://store.utahavalanchecenter.org/collections/events-1
669,https://www.mammut.com/
670,/
671,/observations-avalanches/submit
672,
673,/forecast/logan
674,/forecast/ogden
675,/forecast/salt-lake
676,/forecast/provo
677,/forecast/uintas
678,/forecast/skyline
679,/forecast/moab
680,/forecast/abajos
681,/node/13549
682,/archives/forecasts
683,/node/41482
684,/node/13652
685,/observations
686,/avalanches
687,/avalanches/fatalities
688,http://wasatchbackcountryskiing.com/
689,/node/16726
690,/node/69813
691,/node/70741
692,/node/69815
693,/node/70744
694,https://store.utahavalanchecenter.org/collections/events-1
695,https://store.utahavalanchecenter.org/
696,/node/21578
697,/node/13544
698,https://utahavalanchecenter.org/core-values
699,/node/13545
700,/node/13546
701,/node/39841
702,/node/39875
703,/node/16727
704,/user/login
705,/node/39859
706,/join
707,/forecast/logan
708,/forecast/ogden
709,/forecast/salt-lake
710,/forecast/provo
711,/forecast/uintas
712,/forecast/skyline
713,/forecast/moab
714,/forecast/abajos
715,/node/13549
716,/archives/forecasts
717,/node/41482
718,/node/13652
719,/observations
720,/avalanches
721,/avalanches/fatalities
722,http://wasatchbackcountryskiing.com/
723,/node/16726
724,/node/69813
725,/node/70741
726,/node/69815
727,/node/70744
728,https://store.utahavalanchecenter.org/collections/events-1
729,https://store.utahavalanchecenter.org/
730,/node/21578
731,/node/13544
732,https://utahavalanchecenter.org/core-values
733,/node/13545
734,/node/13546
735,/node/39841
736,/node/39875
737,/node/16727
738,/user/login
739,/node/39859
740,/observations-avalanches/submit
741,/join
742,/forecast/logan
743,/forecast/ogden
744,/forecast/salt-lake
745,/forecast/provo
746,/forecast/uintas
747,/forecast/skyline
748,/forecast/moab
749,/forecast/abajos
750,/node/13549
751,/archives/forecasts
752,/node/41482
753,https://www.northstarsuo.com/
754,/archive/advisories/logan
755,/archive/advisories/ogden
756,/archive/advisories/salt-lake
757,/archive/advisories/provo
758,/archive/advisories/uintas
759,/archive/advisories/skyline
760,/archive/advisories/moab
761,/archive/advisories/abajo
762,/archive/advisories/la-sal-mountains
763,/archive/advisories/southwest
764,/archive/advisories/wasatch
765,/archive/advisories/state-wide
766,/archives/forecasts/logan
767,/archives/forecasts/ogden
768,/archives/forecasts/uintas
769,/archives/forecasts/salt-lake
770,/archives/forecasts/provo
771,/archives/forecasts/skyline
772,/archives/forecasts/moab
773,/archives/forecasts/abajos
774,/forecast/salt-lake/4/9/2022
775,/forecast/salt-lake/4/8/2022
776,/forecast/salt-lake/4/7/2022
777,/forecast/salt-lake/4/6/2022
778,/forecast/salt-lake/4/5/2022
779,/forecast/salt-lake/4/4/2022
780,/forecast/salt-lake/4/3/2022
781,/forecast/salt-lake/4/2/2022
782,/forecast/salt-lake/4/1/2022
783,/forecast/salt-lake/3/31/2022
784,/forecast/salt-lake/3/30/2022
785,/forecast/salt-lake/3/29/2022
786,/forecast/salt-lake/3/28/2022
787,/forecast/salt-lake/3/27/2022
788,/forecast/salt-lake/3/26/2022
789,/forecast/salt-lake/3/25/2022
790,/forecast/salt-lake/3/24/2022
791,/forecast/salt-lake/3/23/2022
792,/forecast/salt-lake/3/22/2022
793,/forecast/salt-lake/3/21/2022
794,/forecast/salt-lake/3/20/2022
795,/forecast/salt-lake/3/19/2022
796,/forecast/salt-lake/3/18/2022
797,/forecast/salt-lake/3/17/2022
798,/forecast/salt-lake/3/16/2022
799,/forecast/salt-lake/3/15/2022
800,/forecast/salt-lake/3/14/2022
801,/forecast/salt-lake/3/13/2022
802,/forecast/salt-lake/3/12/2022
803,/forecast/salt-lake/3/11/2022
804,/forecast/salt-lake/3/10/2022
805,/forecast/salt-lake/3/9/2022
806,/forecast/salt-lake/3/8/2022
807,/forecast/salt-lake/3/7/2022
808,/forecast/salt-lake/3/6/2022
809,/forecast/salt-lake/3/5/2022
810,/forecast/salt-lake/3/4/2022
811,/forecast/salt-lake/3/3/2022
812,/forecast/salt-lake/3/2/2022
813,/forecast/salt-lake/3/1/2022
814,/forecast/salt-lake/2/28/2022
815,/forecast/salt-lake/2/27/2022
816,/forecast/salt-lake/2/26/2022
817,/forecast/salt-lake/2/25/2022
818,/forecast/salt-lake/2/24/2022
819,/forecast/salt-lake/2/23/2022-0
820,/forecast/salt-lake/2/22/2022
821,/forecast/salt-lake/2/21/2022
822,/forecast/salt-lake/2/20/2022
823,/forecast/salt-lake/2/19/2022
824,/archives/forecasts/salt-lake?page=3
825,/archives/forecasts/salt-lake?page=5
826,/lift-ticket-donations
827,/affiliate-sales
828,/civicrm/profile/create?gid=1&reset=1
829,tel:+18889994019
830,/about/contact
831,/privacy-policy
832,https://www.instagram.com/utavy/
833,https://www.facebook.com/Utah.Avalanche.Center
834,https://twitter.com/UACwasatch
835,https://store.utahavalanchecenter.org/collections/events-1
836,https://www.mammut.com/
837,/
838,/observations-avalanches/submit
839,
840,/forecast/logan
841,/forecast/ogden
842,/forecast/salt-lake
843,/forecast/provo
844,/forecast/uintas
845,/forecast/skyline
846,/forecast/moab
847,/forecast/abajos
848,/node/13549
849,/archives/forecasts
850,/node/41482
851,/node/13652
852,/observations
853,/avalanches
854,/avalanches/fatalities
855,http://wasatchbackcountryskiing.com/
856,/node/16726
857,/node/69813
858,/node/70741
859,/node/69815
860,/node/70744
861,https://store.utahavalanchecenter.org/collections/events-1
862,https://store.utahavalanchecenter.org/
863,/node/21578
864,/node/13544
865,https://utahavalanchecenter.org/core-values
866,/node/13545
867,/node/13546
868,/node/39841
869,/node/39875
870,/node/16727
871,/user/login
872,/node/39859
873,/join
874,/forecast/logan
875,/forecast/ogden
876,/forecast/salt-lake
877,/forecast/provo
878,/forecast/uintas
879,/forecast/skyline
880,/forecast/moab
881,/forecast/abajos
882,/node/13549
883,/archives/forecasts
884,/node/41482
885,/node/13652
886,/observations
887,/avalanches
888,/avalanches/fatalities
889,http://wasatchbackcountryskiing.com/
890,/node/16726
891,/node/69813
892,/node/70741
893,/node/69815
894,/node/70744
895,https://store.utahavalanchecenter.org/collections/events-1
896,https://store.utahavalanchecenter.org/
897,/node/21578
898,/node/13544
899,https://utahavalanchecenter.org/core-values
900,/node/13545
901,/node/13546
902,/node/39841
903,/node/39875
904,/node/16727
905,/user/login
906,/node/39859
907,/observations-avalanches/submit
908,/join
909,/forecast/logan
910,/forecast/ogden
911,/forecast/salt-lake
912,/forecast/provo
913,/forecast/uintas
914,/forecast/skyline
915,/forecast/moab
916,/forecast/abajos
917,/node/13549
918,/archives/forecasts
919,/node/41482
920,https://www.northstarsuo.com/
921,/archive/advisories/logan
922,/archive/advisories/ogden
923,/archive/advisories/salt-lake
924,/archive/advisories/provo
925,/archive/advisories/uintas
926,/archive/advisories/skyline
927,/archive/advisories/moab
928,/archive/advisories/abajo
929,/archive/advisories/la-sal-mountains
930,/archive/advisories/southwest
931,/archive/advisories/wasatch
932,/archive/advisories/state-wide
933,/archives/forecasts/logan
934,/archives/forecasts/ogden
935,/archives/forecasts/uintas
936,/archives/forecasts/salt-lake
937,/archives/forecasts/provo
938,/archives/forecasts/skyline
939,/archives/forecasts/moab
940,/archives/forecasts/abajos
941,/forecast/salt-lake/2/18/2022
942,/forecast/salt-lake/2/17/2022
943,/forecast/salt-lake/2/16/2022
944,/forecast/salt-lake/2/15/2022
945,/forecast/salt-lake/2/14/2022
946,/forecast/salt-lake/2/13/2022
947,/forecast/salt-lake/2/12/2022
948,/forecast/salt-lake/2/11/2022
949,/forecast/salt-lake/2/10/2022
950,/forecast/salt-lake/2/9/2022
951,/forecast/salt-lake/2/8/2022
952,/forecast/salt-lake/2/7/2022
953,/forecast/salt-lake/2/6/2022
954,/forecast/salt-lake/2/5/2022
955,/forecast/salt-lake/2/4/2022
956,/forecast/salt-lake/2/3/2022
957,/forecast/salt-lake/2/2/2022
958,/forecast/salt-lake/2/1/2022
959,/forecast/salt-lake/1/31/2022
960,/forecast/salt-lake/1/30/2022
961,/forecast/salt-lake/1/29/2022
962,/forecast/salt-lake/1/28/2022
963,/forecast/salt-lake/1/27/2022
964,/forecast/salt-lake/1/26/2022
965,/forecast/salt-lake/1/25/2022
966,/forecast/salt-lake/1/24/2022
967,/forecast/salt-lake/1/23/2022
968,/forecast/salt-lake/1/22/2022
969,/forecast/salt-lake/1/21/2022-0
970,/forecast/salt-lake/1/20/2022
971,/forecast/salt-lake/1/19/2022
972,/forecast/salt-lake/1/18/2022
973,/forecast/salt-lake/1/17/2022
974,/forecast/salt-lake/1/16/2022
975,/forecast/salt-lake/1/15/2022
976,/forecast/salt-lake/1/14/2022
977,/forecast/salt-lake/1/13/2022
978,/forecast/salt-lake/1/12/2022
979,/forecast/salt-lake/1/11/2022
980,/forecast/salt-lake/1/10/2022
981,/forecast/salt-lake/1/9/2022
982,/forecast/salt-lake/1/8/2022
983,/forecast/salt-lake/1/7/2022
984,/forecast/salt-lake/1/6/2022
985,/forecast/salt-lake/1/5/2022
986,/forecast/salt-lake/1/4/2022
987,/forecast/salt-lake/1/3/2022
988,/forecast/salt-lake/1/2/2022
989,/forecast/salt-lake/1/1/2022
990,/forecast/salt-lake/12/31/2021
991,/archives/forecasts/salt-lake?page=4
992,/archives/forecasts/salt-lake?page=6
993,/lift-ticket-donations
994,/affiliate-sales
995,/civicrm/profile/create?gid=1&reset=1
996,tel:+18889994019
997,/about/contact
998,/privacy-policy
999,https://www.instagram.com/utavy/
1000,https://www.facebook.com/Utah.Avalanche.Center
1001,https://twitter.com/UACwasatch
1002,https://store.utahavalanchecenter.org/collections/events-1
1003,https://www.mammut.com/
1004,/
1005,/observations-avalanches/submit
1006,
1007,/forecast/logan
1008,/forecast/ogden
1009,/forecast/salt-lake
1010,/forecast/provo
1011,/forecast/uintas
1012,/forecast/skyline
1013,/forecast/moab
1014,/forecast/abajos
1015,/node/13549
1016,/archives/forecasts
1017,/node/41482
1018,/node/13652
1019,/observations
1020,/avalanches
1021,/avalanches/fatalities
1022,http://wasatchbackcountryskiing.com/
1023,/node/16726
1024,/node/69813
1025,/node/70741
1026,/node/69815
1027,/node/70744
1028,https://store.utahavalanchecenter.org/collections/events-1
1029,https://store.utahavalanchecenter.org/
1030,/node/21578
1031,/node/13544
1032,https://utahavalanchecenter.org/core-values
1033,/node/13545
1034,/node/13546
1035,/node/39841
1036,/node/39875
1037,/node/16727
1038,/user/login
1039,/node/39859
1040,/join
1041,/forecast/logan
1042,/forecast/ogden
1043,/forecast/salt-lake
1044,/forecast/provo
1045,/forecast/uintas
1046,/forecast/skyline
1047,/forecast/moab
1048,/forecast/abajos
1049,/node/13549
1050,/archives/forecasts
1051,/node/41482
1052,/node/13652
1053,/observations
1054,/avalanches
1055,/avalanches/fatalities
1056,http://wasatchbackcountryskiing.com/
1057,/node/16726
1058,/node/69813
1059,/node/70741
1060,/node/69815
1061,/node/70744
1062,https://store.utahavalanchecenter.org/collections/events-1
1063,https://store.utahavalanchecenter.org/
1064,/node/21578
1065,/node/13544
1066,https://utahavalanchecenter.org/core-values
1067,/node/13545
1068,/node/13546
1069,/node/39841
1070,/node/39875
1071,/node/16727
1072,/user/login
1073,/node/39859
1074,/observations-avalanches/submit
1075,/join
1076,/forecast/logan
1077,/forecast/ogden
1078,/forecast/salt-lake
1079,/forecast/provo
1080,/forecast/uintas
1081,/forecast/skyline
1082,/forecast/moab
1083,/forecast/abajos
1084,/node/13549
1085,/archives/forecasts
1086,/node/41482
1087,https://www.northstarsuo.com/
1088,/archive/advisories/logan
1089,/archive/advisories/ogden
1090,/archive/advisories/salt-lake
1091,/archive/advisories/provo
1092,/archive/advisories/uintas
1093,/archive/advisories/skyline
1094,/archive/advisories/moab
1095,/archive/advisories/abajo
1096,/archive/advisories/la-sal-mountains
1097,/archive/advisories/southwest
1098,/archive/advisories/wasatch
1099,/archive/advisories/state-wide
1100,/archives/forecasts/logan
1101,/archives/forecasts/ogden
1102,/archives/forecasts/uintas
1103,/archives/forecasts/salt-lake
1104,/archives/forecasts/provo
1105,/archives/forecasts/skyline
1106,/archives/forecasts/moab
1107,/archives/forecasts/abajos
1108,/forecast/salt-lake/12/30/2021
1109,/forecast/salt-lake/12/29/2021
1110,/forecast/salt-lake/12/28/2021
1111,/forecast/salt-lake/12/27/2021
1112,/forecast/salt-lake/12/26/2021
1113,/forecast/salt-lake/12/25/2021
1114,/forecast/salt-lake/12/24/2021
1115,/forecast/salt-lake/12/23/2021
1116,/forecast/salt-lake/12/22/2021
1117,/forecast/salt-lake/12/21/2021
1118,/forecast/salt-lake/12/20/2021
1119,/forecast/salt-lake/12/19/2021
1120,/forecast/salt-lake/12/18/2021
1121,/forecast/salt-lake/12/17/2021
1122,/forecast/salt-lake/12/16/2021
1123,/forecast/salt-lake/12/15/2021
1124,/forecast/salt-lake/12/14/2021
1125,/forecast/salt-lake/12/13/2021
1126,/forecast/salt-lake/12/12/2021
1127,/forecast/salt-lake/12/11/2021
1128,/forecast/salt-lake/12/10/2021
1129,/forecast/salt-lake/12/9/2021
1130,/forecast/salt-lake/12/8/2021
1131,/forecast/salt-lake/12/7/2021
1132,/forecast/salt-lake/12/6/2021
1133,/forecast/salt-lake/12/3/2021
1134,/forecast/salt-lake/11/20/2021
1135,/forecast/salt-lake/11/19/2021
1136,/forecast/salt-lake/11/12/2021
1137,/forecast/salt-lake/11/10/2021
1138,/forecast/salt-lake/11/9/2021
1139,/forecast/salt-lake/11/3/2021
1140,/forecast/salt-lake/10/29/2021
1141,/forecast/salt-lake/10/27/2021
1142,/forecast/salt-lake/10/25/2021
1143,/forecast/salt-lake/10/22/2021
1144,/forecast/salt-lake/10/19/2021
1145,/forecast/salt-lake/10/13/2021
1146,/forecast/salt-lake/4/27/2021-0
1147,/forecast/salt-lake/4/27/2021
1148,/forecast/salt-lake/4/26/2021
1149,/forecast/salt-lake/4/20/2021
1150,/forecast/salt-lake/4/19/2021
1151,/forecast/salt-lake/4/18/2021
1152,/forecast/salt-lake/4/17/2021
1153,/forecast/salt-lake/4/16/2021
1154,/forecast/salt-lake/4/15/2021
1155,/forecast/salt-lake/4/14/2021
1156,/forecast/salt-lake/4/13/2021
1157,/forecast/salt-lake/4/12/2021
1158,/archives/forecasts/salt-lake?page=5
1159,/archives/forecasts/salt-lake?page=7
1160,/lift-ticket-donations
1161,/affiliate-sales
1162,/civicrm/profile/create?gid=1&reset=1
1163,tel:+18889994019
1164,/about/contact
1165,/privacy-policy
1166,https://www.instagram.com/utavy/
1167,https://www.facebook.com/Utah.Avalanche.Center
1168,https://twitter.com/UACwasatch
1169,https://store.utahavalanchecenter.org/collections/events-1
1170,https://www.mammut.com/
1171,/
1172,/observations-avalanches/submit
1173,
1174,/forecast/logan
1175,/forecast/ogden
1176,/forecast/salt-lake
1177,/forecast/provo
1178,/forecast/uintas
1179,/forecast/skyline
1180,/forecast/moab
1181,/forecast/abajos
1182,/node/13549
1183,/archives/forecasts
1184,/node/41482
1185,/node/13652
1186,/observations
1187,/avalanches
1188,/avalanches/fatalities
1189,http://wasatchbackcountryskiing.com/
1190,/node/16726
1191,/node/69813
1192,/node/70741
1193,/node/69815
1194,/node/70744
1195,https://store.utahavalanchecenter.org/collections/events-1
1196,https://store.utahavalanchecenter.org/
1197,/node/21578
1198,/node/13544
1199,https://utahavalanchecenter.org/core-values
1200,/node/13545
1201,/node/13546
1202,/node/39841
1203,/node/39875
1204,/node/16727
1205,/user/login
1206,/node/39859
1207,/join
1208,/forecast/logan
1209,/forecast/ogden
1210,/forecast/salt-lake
1211,/forecast/provo
1212,/forecast/uintas
1213,/forecast/skyline
1214,/forecast/moab
1215,/forecast/abajos
1216,/node/13549
1217,/archives/forecasts
1218,/node/41482
1219,/node/13652
1220,/observations
1221,/avalanches
1222,/avalanches/fatalities
1223,http://wasatchbackcountryskiing.com/
1224,/node/16726
1225,/node/69813
1226,/node/70741
1227,/node/69815
1228,/node/70744
1229,https://store.utahavalanchecenter.org/collections/events-1
1230,https://store.utahavalanchecenter.org/
1231,/node/21578
1232,/node/13544
1233,https://utahavalanchecenter.org/core-values
1234,/node/13545
1235,/node/13546
1236,/node/39841
1237,/node/39875
1238,/node/16727
1239,/user/login
1240,/node/39859
1241,/observations-avalanches/submit
1242,/join
1243,/forecast/logan
1244,/forecast/ogden
1245,/forecast/salt-lake
1246,/forecast/provo
1247,/forecast/uintas
1248,/forecast/skyline
1249,/forecast/moab
1250,/forecast/abajos
1251,/node/13549
1252,/archives/forecasts
1253,/node/41482
1254,https://www.northstarsuo.com/
1255,/archive/advisories/logan
1256,/archive/advisories/ogden
1257,/archive/advisories/salt-lake
1258,/archive/advisories/provo
1259,/archive/advisories/uintas
1260,/archive/advisories/skyline
1261,/archive/advisories/moab
1262,/archive/advisories/abajo
1263,/archive/advisories/la-sal-mountains
1264,/archive/advisories/southwest
1265,/archive/advisories/wasatch
1266,/archive/advisories/state-wide
1267,/archives/forecasts/logan
1268,/archives/forecasts/ogden
1269,/archives/forecasts/uintas
1270,/archives/forecasts/salt-lake
1271,/archives/forecasts/provo
1272,/archives/forecasts/skyline
1273,/archives/forecasts/moab
1274,/archives/forecasts/abajos
1275,/forecast/salt-lake/4/11/2021
1276,/forecast/salt-lake/4/10/2021
1277,/forecast/salt-lake/4/9/2021
1278,/forecast/salt-lake/4/8/2021
1279,/forecast/salt-lake/4/7/2021
1280,/forecast/salt-lake/4/6/2021
1281,/forecast/salt-lake/4/5/2021
1282,/forecast/salt-lake/4/4/2021
1283,/forecast/salt-lake/4/3/2021
1284,/forecast/salt-lake/4/2/2021
1285,/forecast/salt-lake/4/1/2021
1286,/forecast/salt-lake/3/31/2021
1287,/forecast/salt-lake/3/30/2021
1288,/forecast/salt-lake/3/29/2021
1289,/forecast/salt-lake/3/28/2021
1290,/forecast/salt-lake/3/27/2021
1291,/forecast/salt-lake/3/26/2021
1292,/forecast/salt-lake/3/25/2021
1293,/forecast/salt-lake/3/24/2021
1294,/forecast/salt-lake/3/23/2021
1295,/forecast/salt-lake/3/22/2021
1296,/forecast/salt-lake/3/21/2021
1297,/forecast/salt-lake/3/20/2021
1298,/forecast/salt-lake/3/19/2021
1299,/forecast/salt-lake/3/18/2021
1300,/forecast/salt-lake/3/17/2021
1301,/forecast/salt-lake/3/16/2021
1302,/forecast/salt-lake/3/15/2021
1303,/forecast/salt-lake/3/14/2021
1304,/forecast/salt-lake/3/13/2021
1305,/forecast/salt-lake/3/12/2021
1306,/forecast/salt-lake/3/11/2021
1307,/forecast/salt-lake/3/10/2021
1308,/forecast/salt-lake/3/9/2021
1309,/forecast/salt-lake/3/8/2021
1310,/forecast/salt-lake/3/7/2021
1311,/forecast/salt-lake/3/6/2021
1312,/forecast/salt-lake/3/5/2021
1313,/forecast/salt-lake/3/4/2021
1314,/forecast/salt-lake/3/3/2021
1315,/forecast/salt-lake/3/2/2021
1316,/forecast/salt-lake/3/1/2021
1317,/forecast/salt-lake/2/28/2021
1318,/forecast/salt-lake/2/27/2021-0
1319,/forecast/salt-lake/2/26/2021
1320,/forecast/salt-lake/2/25/2021
1321,/forecast/salt-lake/2/24/2021
1322,/forecast/salt-lake/2/23/2021
1323,/forecast/salt-lake/2/22/2021
1324,/forecast/salt-lake/2/21/2021
1325,/archives/forecasts/salt-lake?page=6
1326,/archives/forecasts/salt-lake?page=8
1327,/lift-ticket-donations
1328,/affiliate-sales
1329,/civicrm/profile/create?gid=1&reset=1
1330,tel:+18889994019
1331,/about/contact
1332,/privacy-policy
1333,https://www.instagram.com/utavy/
1334,https://www.facebook.com/Utah.Avalanche.Center
1335,https://twitter.com/UACwasatch
1336,https://store.utahavalanchecenter.org/collections/events-1
1337,https://www.mammut.com/
1338,/
1339,/observations-avalanches/submit
1340,
1341,/forecast/logan
1342,/forecast/ogden
1343,/forecast/salt-lake
1344,/forecast/provo
1345,/forecast/uintas
1346,/forecast/skyline
1347,/forecast/moab
1348,/forecast/abajos
1349,/node/13549
1350,/archives/forecasts
1351,/node/41482
1352,/node/13652
1353,/observations
1354,/avalanches
1355,/avalanches/fatalities
1356,http://wasatchbackcountryskiing.com/
1357,/node/16726
1358,/node/69813
1359,/node/70741
1360,/node/69815
1361,/node/70744
1362,https://store.utahavalanchecenter.org/collections/events-1
1363,https://store.utahavalanchecenter.org/
1364,/node/21578
1365,/node/13544
1366,https://utahavalanchecenter.org/core-values
1367,/node/13545
1368,/node/13546
1369,/node/39841
1370,/node/39875
1371,/node/16727
1372,/user/login
1373,/node/39859
1374,/join
1375,/forecast/logan
1376,/forecast/ogden
1377,/forecast/salt-lake
1378,/forecast/provo
1379,/forecast/uintas
1380,/forecast/skyline
1381,/forecast/moab
1382,/forecast/abajos
1383,/node/13549
1384,/archives/forecasts
1385,/node/41482
1386,/node/13652
1387,/observations
1388,/avalanches
1389,/avalanches/fatalities
1390,http://wasatchbackcountryskiing.com/
1391,/node/16726
1392,/node/69813
1393,/node/70741
1394,/node/69815
1395,/node/70744
1396,https://store.utahavalanchecenter.org/collections/events-1
1397,https://store.utahavalanchecenter.org/
1398,/node/21578
1399,/node/13544
1400,https://utahavalanchecenter.org/core-values
1401,/node/13545
1402,/node/13546
1403,/node/39841
1404,/node/39875
1405,/node/16727
1406,/user/login
1407,/node/39859
1408,/observations-avalanches/submit
1409,/join
1410,/forecast/logan
1411,/forecast/ogden
1412,/forecast/salt-lake
1413,/forecast/provo
1414,/forecast/uintas
1415,/forecast/skyline
1416,/forecast/moab
1417,/forecast/abajos
1418,/node/13549
1419,/archives/forecasts
1420,/node/41482
1421,https://www.northstarsuo.com/
1422,/archive/advisories/logan
1423,/archive/advisories/ogden
1424,/archive/advisories/salt-lake
1425,/archive/advisories/provo
1426,/archive/advisories/uintas
1427,/archive/advisories/skyline
1428,/archive/advisories/moab
1429,/archive/advisories/abajo
1430,/archive/advisories/la-sal-mountains
1431,/archive/advisories/southwest
1432,/archive/advisories/wasatch
1433,/archive/advisories/state-wide
1434,/archives/forecasts/logan
1435,/archives/forecasts/ogden
1436,/archives/forecasts/uintas
1437,/archives/forecasts/salt-lake
1438,/archives/forecasts/provo
1439,/archives/forecasts/skyline
1440,/archives/forecasts/moab
1441,/archives/forecasts/abajos
1442,/forecast/salt-lake/2/20/2021
1443,/forecast/salt-lake/2/19/2021
1444,/forecast/salt-lake/2/18/2021
1445,/forecast/salt-lake/2/17/2021
1446,/forecast/salt-lake/2/16/2021
1447,/forecast/salt-lake/2/15/2021
1448,/forecast/salt-lake/2/14/2021
1449,/forecast/salt-lake/2/13/2021
1450,/forecast/salt-lake/2/12/2021
1451,/forecast/salt-lake/2/11/2021
1452,/forecast/salt-lake/2/10/2021
1453,/forecast/salt-lake/2/9/2021
1454,/forecast/salt-lake/2/8/2021
1455,/forecast/salt-lake/2/7/2021
1456,/forecast/salt-lake/2/6/2021
1457,/forecast/salt-lake/2/5/2021
1458,/forecast/salt-lake/2/4/2021
1459,/forecast/salt-lake/2/3/2021
1460,/forecast/salt-lake/2/2/2021
1461,/forecast/salt-lake/2/1/2021
1462,/forecast/salt-lake/1/31/2021
1463,/forecast/salt-lake/1/30/2021
1464,/forecast/salt-lake/1/29/2021
1465,/forecast/salt-lake/1/28/2021
1466,/forecast/salt-lake/1/27/2021
1467,/forecast/salt-lake/1/26/2021
1468,/forecast/salt-lake/1/25/2021
1469,/forecast/salt-lake/1/24/2021
1470,/forecast/salt-lake/1/23/2021
1471,/forecast/salt-lake/1/22/2021
1472,/forecast/salt-lake/1/21/2021
1473,/forecast/salt-lake/1/20/2021
1474,/forecast/salt-lake/1/19/2021
1475,/forecast/salt-lake/1/18/2021
1476,/forecast/salt-lake/1/17/2021
1477,/forecast/salt-lake/1/16/2021
1478,/forecast/salt-lake/1/15/2021
1479,/forecast/salt-lake/1/14/2021
1480,/forecast/salt-lake/1/13/2021
1481,/forecast/salt-lake/1/12/2021
1482,/forecast/salt-lake/1/11/2021
1483,/forecast/salt-lake/1/10/2021
1484,/forecast/salt-lake/1/9/2021
1485,/forecast/salt-lake/1/8/2021
1486,/forecast/salt-lake/1/7/2021
1487,/forecast/salt-lake/1/6/2021
1488,/forecast/salt-lake/1/5/2021
1489,/forecast/salt-lake/1/4/2021
1490,/forecast/salt-lake/1/3/2021
1491,/forecast/salt-lake/1/2/2021
1492,/archives/forecasts/salt-lake?page=7
1493,/archives/forecasts/salt-lake?page=9
1494,/lift-ticket-donations
1495,/affiliate-sales
1496,/civicrm/profile/create?gid=1&reset=1
1497,tel:+18889994019
1498,/about/contact
1499,/privacy-policy
1500,https://www.instagram.com/utavy/
1501,https://www.facebook.com/Utah.Avalanche.Center
1502,https://twitter.com/UACwasatch
1503,https://store.utahavalanchecenter.org/collections/events-1
1504,https://www.mammut.com/
1505,/
1506,/observations-avalanches/submit
1507,
1508,/forecast/logan
1509,/forecast/ogden
1510,/forecast/salt-lake
1511,/forecast/provo
1512,/forecast/uintas
1513,/forecast/skyline
1514,/forecast/moab
1515,/forecast/abajos
1516,/node/13549
1517,/archives/forecasts
1518,/node/41482
1519,/node/13652
1520,/observations
1521,/avalanches
1522,/avalanches/fatalities
1523,http://wasatchbackcountryskiing.com/
1524,/node/16726
1525,/node/69813
1526,/node/70741
1527,/node/69815
1528,/node/70744
1529,https://store.utahavalanchecenter.org/collections/events-1
1530,https://store.utahavalanchecenter.org/
1531,/node/21578
1532,/node/13544
1533,https://utahavalanchecenter.org/core-values
1534,/node/13545
1535,/node/13546
1536,/node/39841
1537,/node/39875
1538,/node/16727
1539,/user/login
1540,/node/39859
1541,/join
1542,/forecast/logan
1543,/forecast/ogden
1544,/forecast/salt-lake
1545,/forecast/provo
1546,/forecast/uintas
1547,/forecast/skyline
1548,/forecast/moab
1549,/forecast/abajos
1550,/node/13549
1551,/archives/forecasts
1552,/node/41482
1553,/node/13652
1554,/observations
1555,/avalanches
1556,/avalanches/fatalities
1557,http://wasatchbackcountryskiing.com/
1558,/node/16726
1559,/node/69813
1560,/node/70741
1561,/node/69815
1562,/node/70744
1563,https://store.utahavalanchecenter.org/collections/events-1
1564,https://store.utahavalanchecenter.org/
1565,/node/21578
1566,/node/13544
1567,https://utahavalanchecenter.org/core-values
1568,/node/13545
1569,/node/13546
1570,/node/39841
1571,/node/39875
1572,/node/16727
1573,/user/login
1574,/node/39859
1575,/observations-avalanches/submit
1576,/join
1577,/forecast/logan
1578,/forecast/ogden
1579,/forecast/salt-lake
1580,/forecast/provo
1581,/forecast/uintas
1582,/forecast/skyline
1583,/forecast/moab
1584,/forecast/abajos
1585,/node/13549
1586,/archives/forecasts
1587,/node/41482
1588,https://www.northstarsuo.com/
1589,/archive/advisories/logan
1590,/archive/advisories/ogden
1591,/archive/advisories/salt-lake
1592,/archive/advisories/provo
1593,/archive/advisories/uintas
1594,/archive/advisories/skyline
1595,/archive/advisories/moab
1596,/archive/advisories/abajo
1597,/archive/advisories/la-sal-mountains
1598,/archive/advisories/southwest
1599,/archive/advisories/wasatch
1600,/archive/advisories/state-wide
1601,/archives/forecasts/logan
1602,/archives/forecasts/ogden
1603,/archives/forecasts/uintas
1604,/archives/forecasts/salt-lake
1605,/archives/forecasts/provo
1606,/archives/forecasts/skyline
1607,/archives/forecasts/moab
1608,/archives/forecasts/abajos
1609,/forecast/salt-lake/1/1/2021
1610,/forecast/salt-lake/12/31/2020
1611,/forecast/salt-lake/12/30/2020
1612,/forecast/salt-lake/12/29/2020
1613,/forecast/salt-lake/12/28/2020
1614,/forecast/salt-lake/12/27/2020
1615,/forecast/salt-lake/12/26/2020
1616,/forecast/salt-lake/12/25/2020
1617,/forecast/salt-lake/12/24/2020
1618,/forecast/salt-lake/12/23/2020
1619,/forecast/salt-lake/12/22/2020
1620,/forecast/salt-lake/12/21/2020
1621,/forecast/salt-lake/12/20/2020
1622,/forecast/salt-lake/12/19/2020
1623,/forecast/salt-lake/12/18/2020
1624,/forecast/salt-lake/12/17/2020
1625,/forecast/salt-lake/12/16/2020
1626,/forecast/salt-lake/12/15/2020
1627,/forecast/salt-lake/12/14/2020
1628,/forecast/salt-lake/12/13/2020
1629,/forecast/salt-lake/12/12/2020
1630,/forecast/salt-lake/12/11/2020
1631,/forecast/salt-lake/12/10/2020
1632,/forecast/salt-lake/12/9/2020
1633,/forecast/salt-lake/12/8/2020
1634,/forecast/salt-lake/12/7/2020
1635,/forecast/salt-lake/12/6/2020
1636,/forecast/salt-lake/12/5/2020
1637,/forecast/salt-lake/12/4/2020
1638,/forecast/salt-lake/12/3/2020
1639,/forecast/salt-lake/12/2/2020
1640,/forecast/salt-lake/12/1/2020
1641,/forecast/salt-lake/11/30/2020
1642,/forecast/salt-lake/11/29/2020
1643,/forecast/salt-lake/11/28/2020
1644,/forecast/salt-lake/11/27/2020
1645,/forecast/salt-lake/11/26/2020
1646,/forecast/salt-lake/11/25/2020
1647,/forecast/salt-lake/11/24/2020
1648,/forecast/salt-lake/11/23/2020
1649,/forecast/salt-lake/11/22/2020
1650,/forecast/salt-lake/11/21/2020
1651,/forecast/salt-lake/11/20/2020
1652,/forecast/salt-lake/11/19/2020
1653,/forecast/salt-lake/11/18/2020
1654,/forecast/salt-lake/11/17/2020
1655,/forecast/salt-lake/11/16/2020
1656,/forecast/salt-lake/11/15/2020
1657,/forecast/salt-lake/11/14/2020
1658,/forecast/salt-lake/11/13/2020
1659,/archives/forecasts/salt-lake?page=8
1660,/archives/forecasts/salt-lake?page=10
1661,/lift-ticket-donations
1662,/affiliate-sales
1663,/civicrm/profile/create?gid=1&reset=1
1664,tel:+18889994019
1665,/about/contact
1666,/privacy-policy
1667,https://www.instagram.com/utavy/
1668,https://www.facebook.com/Utah.Avalanche.Center
1669,https://twitter.com/UACwasatch
1670,https://store.utahavalanchecenter.org/collections/events-1
1671,https://www.mammut.com/
1672,/
1673,/observations-avalanches/submit
1674,
1675,/forecast/logan
1676,/forecast/ogden
1677,/forecast/salt-lake
1678,/forecast/provo
1679,/forecast/uintas
1680,/forecast/skyline
1681,/forecast/moab
1682,/forecast/abajos
1683,/node/13549
1684,/archives/forecasts
1685,/node/41482
1686,/node/13652
1687,/observations
1688,/avalanches
1689,/avalanches/fatalities
1690,http://wasatchbackcountryskiing.com/
1691,/node/16726
1692,/node/69813
1693,/node/70741
1694,/node/69815
1695,/node/70744
1696,https://store.utahavalanchecenter.org/collections/events-1
1697,https://store.utahavalanchecenter.org/
1698,/node/21578
1699,/node/13544
1700,https://utahavalanchecenter.org/core-values
1701,/node/13545
1702,/node/13546
1703,/node/39841
1704,/node/39875
1705,/node/16727
1706,/user/login
1707,/node/39859
1708,/join
1709,/forecast/logan
1710,/forecast/ogden
1711,/forecast/salt-lake
1712,/forecast/provo
1713,/forecast/uintas
1714,/forecast/skyline
1715,/forecast/moab
1716,/forecast/abajos
1717,/node/13549
1718,/archives/forecasts
1719,/node/41482
1720,/node/13652
1721,/observations
1722,/avalanches
1723,/avalanches/fatalities
1724,http://wasatchbackcountryskiing.com/
1725,/node/16726
1726,/node/69813
1727,/node/70741
1728,/node/69815
1729,/node/70744
1730,https://store.utahavalanchecenter.org/collections/events-1
1731,https://store.utahavalanchecenter.org/
1732,/node/21578
1733,/node/13544
1734,https://utahavalanchecenter.org/core-values
1735,/node/13545
1736,/node/13546
1737,/node/39841
1738,/node/39875
1739,/node/16727
1740,/user/login
1741,/node/39859
1742,/observations-avalanches/submit
1743,/join
1744,/forecast/logan
1745,/forecast/ogden
1746,/forecast/salt-lake
1747,/forecast/provo
1748,/forecast/uintas
1749,/forecast/skyline
1750,/forecast/moab
1751,/forecast/abajos
1752,/node/13549
1753,/archives/forecasts
1754,/node/41482
1755,https://www.northstarsuo.com/
1756,/archive/advisories/logan
1757,/archive/advisories/ogden
1758,/archive/advisories/salt-lake
1759,/archive/advisories/provo
1760,/archive/advisories/uintas
1761,/archive/advisories/skyline
1762,/archive/advisories/moab
1763,/archive/advisories/abajo
1764,/archive/advisories/la-sal-mountains
1765,/archive/advisories/southwest
1766,/archive/advisories/wasatch
1767,/archive/advisories/state-wide
1768,/archives/forecasts/logan
1769,/archives/forecasts/ogden
1770,/archives/forecasts/uintas
1771,/archives/forecasts/salt-lake
1772,/archives/forecasts/provo
1773,/archives/forecasts/skyline
1774,/archives/forecasts/moab
1775,/archives/forecasts/abajos
1776,/forecast/salt-lake/11/12/2020
1777,/forecast/salt-lake/11/11/2020
1778,/forecast/salt-lake/11/10/2020
1779,/forecast/salt-lake/11/9/2020
1780,/forecast/salt-lake/11/7/2020
1781,/forecast/salt-lake/10/29/2020
1782,/forecast/salt-lake/4/28/2020
1783,/forecast/salt-lake/4/23/2020-0
1784,/forecast/salt-lake/4/23/2020
1785,/forecast/salt-lake/4/20/2020
1786,/forecast/salt-lake/4/19/2020
1787,/forecast/salt-lake/4/18/2020
1788,/forecast/salt-lake/4/17/2020
1789,/forecast/salt-lake/4/16/2020
1790,/forecast/salt-lake/4/15/2020
1791,/forecast/salt-lake/4/14/2020
1792,/forecast/salt-lake/4/13/2020
1793,/forecast/salt-lake/4/12/2020
1794,/forecast/salt-lake/4/11/2020
1795,/forecast/salt-lake/4/10/2020
1796,/forecast/salt-lake/4/9/2020
1797,/forecast/salt-lake/4/8/2020
1798,/forecast/salt-lake/4/7/2020
1799,/forecast/salt-lake/4/6/2020
1800,/forecast/salt-lake/4/5/2020
1801,/forecast/salt-lake/4/4/2020
1802,/forecast/salt-lake/4/3/2020
1803,/forecast/salt-lake/4/2/2020
1804,/forecast/salt-lake/4/1/2020
1805,/forecast/salt-lake/3/31/2020
1806,/forecast/salt-lake/3/30/2020
1807,/forecast/salt-lake/3/29/2020
1808,/forecast/salt-lake/3/28/2020
1809,/forecast/salt-lake/3/27/2020
1810,/forecast/salt-lake/3/26/2020
1811,/forecast/salt-lake/3/25/2020
1812,/forecast/salt-lake/3/24/2020
1813,/forecast/salt-lake/3/23/2020
1814,/forecast/salt-lake/3/22/2020
1815,/forecast/salt-lake/3/21/2020
1816,/forecast/salt-lake/3/20/2020
1817,/forecast/salt-lake/3/19/2020
1818,/forecast/salt-lake/3/18/2020
1819,/forecast/salt-lake/3/17/2020
1820,/forecast/salt-lake/3/16/2020
1821,/forecast/salt-lake/3/15/2020
1822,/forecast/salt-lake/3/14/2020
1823,/forecast/salt-lake/3/13/2020
1824,/forecast/salt-lake/3/12/2020
1825,/forecast/salt-lake/3/11/2020
1826,/archives/forecasts/salt-lake?page=9
1827,/archives/forecasts/salt-lake?page=11
1828,/lift-ticket-donations
1829,/affiliate-sales
1830,/civicrm/profile/create?gid=1&reset=1
1831,tel:+18889994019
1832,/about/contact
1833,/privacy-policy
1834,https://www.instagram.com/utavy/
1835,https://www.facebook.com/Utah.Avalanche.Center
1836,https://twitter.com/UACwasatch
1837,https://store.utahavalanchecenter.org/collections/events-1
1838,https://www.mammut.com/
1839,/
1840,/observations-avalanches/submit
1841,
1842,/forecast/logan
1843,/forecast/ogden
1844,/forecast/salt-lake
1845,/forecast/provo
1846,/forecast/uintas
1847,/forecast/skyline
1848,/forecast/moab
1849,/forecast/abajos
1850,/node/13549
1851,/archives/forecasts
1852,/node/41482
1853,/node/13652
1854,/observations
1855,/avalanches
1856,/avalanches/fatalities
1857,http://wasatchbackcountryskiing.com/
1858,/node/16726
1859,/node/69813
1860,/node/70741
1861,/node/69815
1862,/node/70744
1863,https://store.utahavalanchecenter.org/collections/events-1
1864,https://store.utahavalanchecenter.org/
1865,/node/21578
1866,/node/13544
1867,https://utahavalanchecenter.org/core-values
1868,/node/13545
1869,/node/13546
1870,/node/39841
1871,/node/39875
1872,/node/16727
1873,/user/login
1874,/node/39859
1875,/join
1876,/forecast/logan
1877,/forecast/ogden
1878,/forecast/salt-lake
1879,/forecast/provo
1880,/forecast/uintas
1881,/forecast/skyline
1882,/forecast/moab
1883,/forecast/abajos
1884,/node/13549
1885,/archives/forecasts
1886,/node/41482
1887,/node/13652
1888,/observations
1889,/avalanches
1890,/avalanches/fatalities
1891,http://wasatchbackcountryskiing.com/
1892,/node/16726
1893,/node/69813
1894,/node/70741
1895,/node/69815
1896,/node/70744
1897,https://store.utahavalanchecenter.org/collections/events-1
1898,https://store.utahavalanchecenter.org/
1899,/node/21578
1900,/node/13544
1901,https://utahavalanchecenter.org/core-values
1902,/node/13545
1903,/node/13546
1904,/node/39841
1905,/node/39875
1906,/node/16727
1907,/user/login
1908,/node/39859
1909,/observations-avalanches/submit
1910,/join
1911,/forecast/logan
1912,/forecast/ogden
1913,/forecast/salt-lake
1914,/forecast/provo
1915,/forecast/uintas
1916,/forecast/skyline
1917,/forecast/moab
1918,/forecast/abajos
1919,/node/13549
1920,/archives/forecasts
1921,/node/41482
1922,https://www.northstarsuo.com/
1923,/archive/advisories/logan
1924,/archive/advisories/ogden
1925,/archive/advisories/salt-lake
1926,/archive/advisories/provo
1927,/archive/advisories/uintas
1928,/archive/advisories/skyline
1929,/archive/advisories/moab
1930,/archive/advisories/abajo
1931,/archive/advisories/la-sal-mountains
1932,/archive/advisories/southwest
1933,/archive/advisories/wasatch
1934,/archive/advisories/state-wide
1935,/archives/forecasts/logan
1936,/archives/forecasts/ogden
1937,/archives/forecasts/uintas
1938,/archives/forecasts/salt-lake
1939,/archives/forecasts/provo
1940,/archives/forecasts/skyline
1941,/archives/forecasts/moab
1942,/archives/forecasts/abajos
1943,/forecast/salt-lake/3/10/2020
1944,/forecast/salt-lake/3/9/2020
1945,/forecast/salt-lake/3/8/2020
1946,/forecast/salt-lake/3/7/2020
1947,/forecast/salt-lake/3/6/2020
1948,/forecast/salt-lake/3/5/2020
1949,/forecast/salt-lake/3/4/2020
1950,/forecast/salt-lake/3/3/2020
1951,/forecast/salt-lake/3/2/2020
1952,/forecast/salt-lake/3/1/2020
1953,/forecast/salt-lake/2/29/2020
1954,/forecast/salt-lake/2/28/2020
1955,/forecast/salt-lake/2/27/2020
1956,/forecast/salt-lake/2/26/2020
1957,/forecast/salt-lake/2/25/2020
1958,/forecast/salt-lake/2/24/2020
1959,/forecast/salt-lake/2/23/2020
1960,/forecast/salt-lake/2/22/2020
1961,/forecast/salt-lake/2/21/2020
1962,/forecast/salt-lake/2/20/2020
1963,/forecast/salt-lake/2/19/2020
1964,/forecast/salt-lake/2/18/2020
1965,/forecast/salt-lake/2/17/2020
1966,/forecast/salt-lake/2/16/2020
1967,/forecast/salt-lake/2/15/2020
1968,/forecast/salt-lake/2/14/2020
1969,/forecast/salt-lake/2/13/2020
1970,/forecast/salt-lake/2/12/2020
1971,/forecast/salt-lake/2/11/2020
1972,/forecast/salt-lake/2/10/2020
1973,/forecast/salt-lake/2/9/2020
1974,/forecast/salt-lake/2/8/2020
1975,/forecast/salt-lake/2/7/2020
1976,/forecast/salt-lake/2/6/2020
1977,/forecast/salt-lake/2/5/2020
1978,/forecast/salt-lake/2/4/2020
1979,/forecast/salt-lake/2/3/2020
1980,/forecast/salt-lake/2/2/2020
1981,/forecast/salt-lake/2/1/2020
1982,/forecast/salt-lake/1/31/2020
1983,/forecast/salt-lake/1/30/2020
1984,/forecast/salt-lake/1/29/2020
1985,/forecast/salt-lake/1/28/2020
1986,/forecast/salt-lake/1/27/2020
1987,/forecast/salt-lake/1/26/2020
1988,/forecast/salt-lake/1/25/2020
1989,/forecast/salt-lake/1/24/2020
1990,/forecast/salt-lake/1/23/2020
1991,/forecast/salt-lake/1/22/2020
1992,/forecast/salt-lake/1/21/2020
1993,/archives/forecasts/salt-lake?page=10
1994,/archives/forecasts/salt-lake?page=12
1995,/lift-ticket-donations
1996,/affiliate-sales
1997,/civicrm/profile/create?gid=1&reset=1
1998,tel:+18889994019
1999,/about/contact
2000,/privacy-policy
2001,https://www.instagram.com/utavy/
2002,https://www.facebook.com/Utah.Avalanche.Center
2003,https://twitter.com/UACwasatch
2004,https://store.utahavalanchecenter.org/collections/events-1
2005,https://www.mammut.com/
2006,/
2007,/observations-avalanches/submit
2008,
2009,/forecast/logan
2010,/forecast/ogden
2011,/forecast/salt-lake
2012,/forecast/provo
2013,/forecast/uintas
2014,/forecast/skyline
2015,/forecast/moab
2016,/forecast/abajos
2017,/node/13549
2018,/archives/forecasts
2019,/node/41482
2020,/node/13652
2021,/observations
2022,/avalanches
2023,/avalanches/fatalities
2024,http://wasatchbackcountryskiing.com/
2025,/node/16726
2026,/node/69813
2027,/node/70741
2028,/node/69815
2029,/node/70744
2030,https://store.utahavalanchecenter.org/collections/events-1
2031,https://store.utahavalanchecenter.org/
2032,/node/21578
2033,/node/13544
2034,https://utahavalanchecenter.org/core-values
2035,/node/13545
2036,/node/13546
2037,/node/39841
2038,/node/39875
2039,/node/16727
2040,/user/login
2041,/node/39859
2042,/join
2043,/forecast/logan
2044,/forecast/ogden
2045,/forecast/salt-lake
2046,/forecast/provo
2047,/forecast/uintas
2048,/forecast/skyline
2049,/forecast/moab
2050,/forecast/abajos
2051,/node/13549
2052,/archives/forecasts
2053,/node/41482
2054,/node/13652
2055,/observations
2056,/avalanches
2057,/avalanches/fatalities
2058,http://wasatchbackcountryskiing.com/
2059,/node/16726
2060,/node/69813
2061,/node/70741
2062,/node/69815
2063,/node/70744
2064,https://store.utahavalanchecenter.org/collections/events-1
2065,https://store.utahavalanchecenter.org/
2066,/node/21578
2067,/node/13544
2068,https://utahavalanchecenter.org/core-values
2069,/node/13545
2070,/node/13546
2071,/node/39841
2072,/node/39875
2073,/node/16727
2074,/user/login
2075,/node/39859
2076,/observations-avalanches/submit
2077,/join
2078,/forecast/logan
2079,/forecast/ogden
2080,/forecast/salt-lake
2081,/forecast/provo
2082,/forecast/uintas
2083,/forecast/skyline
2084,/forecast/moab
2085,/forecast/abajos
2086,/node/13549
2087,/archives/forecasts
2088,/node/41482
2089,https://www.northstarsuo.com/
2090,/archive/advisories/logan
2091,/archive/advisories/ogden
2092,/archive/advisories/salt-lake
2093,/archive/advisories/provo
2094,/archive/advisories/uintas
2095,/archive/advisories/skyline
2096,/archive/advisories/moab
2097,/archive/advisories/abajo
2098,/archive/advisories/la-sal-mountains
2099,/archive/advisories/southwest
2100,/archive/advisories/wasatch
2101,/archive/advisories/state-wide
2102,/archives/forecasts/logan
2103,/archives/forecasts/ogden
2104,/archives/forecasts/uintas
2105,/archives/forecasts/salt-lake
2106,/archives/forecasts/provo
2107,/archives/forecasts/skyline
2108,/archives/forecasts/moab
2109,/archives/forecasts/abajos
2110,/forecast/salt-lake/1/20/2020
2111,/forecast/salt-lake/1/19/2020
2112,/forecast/salt-lake/1/18/2020
2113,/forecast/salt-lake/1/17/2020
2114,/forecast/salt-lake/1/16/2020
2115,/forecast/salt-lake/1/15/2020
2116,/forecast/salt-lake/1/14/2020
2117,/forecast/salt-lake/1/13/2020
2118,/forecast/salt-lake/1/12/2020
2119,/forecast/salt-lake/1/11/2020
2120,/forecast/salt-lake/1/10/2020
2121,/forecast/salt-lake/1/9/2020
2122,/forecast/salt-lake/1/8/2020
2123,/forecast/salt-lake/1/7/2020
2124,/forecast/salt-lake/1/6/2020
2125,/forecast/salt-lake/1/5/2020
2126,/forecast/salt-lake/1/4/2020
2127,/forecast/salt-lake/1/3/2020
2128,/forecast/salt-lake/1/2/2020
2129,/forecast/salt-lake/1/1/2020
2130,/forecast/salt-lake/12/31/2019
2131,/forecast/salt-lake/12/30/2019
2132,/forecast/salt-lake/12/29/2019
2133,/forecast/salt-lake/12/28/2019
2134,/forecast/salt-lake/12/27/2019
2135,/forecast/salt-lake/12/26/2019
2136,/forecast/salt-lake/12/25/2019
2137,/forecast/salt-lake/12/24/2019
2138,/forecast/salt-lake/12/23/2019
2139,/forecast/salt-lake/12/22/2019
2140,/forecast/salt-lake/12/21/2019
2141,/forecast/salt-lake/12/20/2019
2142,/forecast/salt-lake/12/19/2019
2143,/forecast/salt-lake/12/18/2019
2144,/forecast/salt-lake/12/17/2019
2145,/forecast/salt-lake/12/16/2019
2146,/forecast/salt-lake/12/15/2019
2147,/forecast/salt-lake/12/14/2019
2148,/forecast/salt-lake/12/13/2019
2149,/forecast/salt-lake/12/12/2019
2150,/forecast/salt-lake/12/11/2019
2151,/forecast/salt-lake/12/10/2019
2152,/forecast/salt-lake/12/9/2019
2153,/forecast/salt-lake/12/8/2019
2154,/forecast/salt-lake/12/7/2019
2155,/forecast/salt-lake/12/6/2019
2156,/forecast/salt-lake/12/5/2019
2157,/forecast/salt-lake/12/4/2019
2158,/forecast/salt-lake/12/3/2019
2159,/forecast/salt-lake/12/2/2019
2160,/archives/forecasts/salt-lake?page=11
2161,/archives/forecasts/salt-lake?page=13
2162,/lift-ticket-donations
2163,/affiliate-sales
2164,/civicrm/profile/create?gid=1&reset=1
2165,tel:+18889994019
2166,/about/contact
2167,/privacy-policy
2168,https://www.instagram.com/utavy/
2169,https://www.facebook.com/Utah.Avalanche.Center
2170,https://twitter.com/UACwasatch
2171,https://store.utahavalanchecenter.org/collections/events-1
2172,https://www.mammut.com/
2173,/
2174,/observations-avalanches/submit
2175,
2176,/forecast/logan
2177,/forecast/ogden
2178,/forecast/salt-lake
2179,/forecast/provo
2180,/forecast/uintas
2181,/forecast/skyline
2182,/forecast/moab
2183,/forecast/abajos
2184,/node/13549
2185,/archives/forecasts
2186,/node/41482
2187,/node/13652
2188,/observations
2189,/avalanches
2190,/avalanches/fatalities
2191,http://wasatchbackcountryskiing.com/
2192,/node/16726
2193,/node/69813
2194,/node/70741
2195,/node/69815
2196,/node/70744
2197,https://store.utahavalanchecenter.org/collections/events-1
2198,https://store.utahavalanchecenter.org/
2199,/node/21578
2200,/node/13544
2201,https://utahavalanchecenter.org/core-values
2202,/node/13545
2203,/node/13546
2204,/node/39841
2205,/node/39875
2206,/node/16727
2207,/user/login
2208,/node/39859
2209,/join
2210,/forecast/logan
2211,/forecast/ogden
2212,/forecast/salt-lake
2213,/forecast/provo
2214,/forecast/uintas
2215,/forecast/skyline
2216,/forecast/moab
2217,/forecast/abajos
2218,/node/13549
2219,/archives/forecasts
2220,/node/41482
2221,/node/13652
2222,/observations
2223,/avalanches
2224,/avalanches/fatalities
2225,http://wasatchbackcountryskiing.com/
2226,/node/16726
2227,/node/69813
2228,/node/70741
2229,/node/69815
2230,/node/70744
2231,https://store.utahavalanchecenter.org/collections/events-1
2232,https://store.utahavalanchecenter.org/
2233,/node/21578
2234,/node/13544
2235,https://utahavalanchecenter.org/core-values
2236,/node/13545
2237,/node/13546
2238,/node/39841
2239,/node/39875
2240,/node/16727
2241,/user/login
2242,/node/39859
2243,/observations-avalanches/submit
2244,/join
2245,/forecast/logan
2246,/forecast/ogden
2247,/forecast/salt-lake
2248,/forecast/provo
2249,/forecast/uintas
2250,/forecast/skyline
2251,/forecast/moab
2252,/forecast/abajos
2253,/node/13549
2254,/archives/forecasts
2255,/node/41482
2256,https://www.northstarsuo.com/
2257,/archive/advisories/logan
2258,/archive/advisories/ogden
2259,/archive/advisories/salt-lake
2260,/archive/advisories/provo
2261,/archive/advisories/uintas
2262,/archive/advisories/skyline
2263,/archive/advisories/moab
2264,/archive/advisories/abajo
2265,/archive/advisories/la-sal-mountains
2266,/archive/advisories/southwest
2267,/archive/advisories/wasatch
2268,/archive/advisories/state-wide
2269,/archives/forecasts/logan
2270,/archives/forecasts/ogden
2271,/archives/forecasts/uintas
2272,/archives/forecasts/salt-lake
2273,/archives/forecasts/provo
2274,/archives/forecasts/skyline
2275,/archives/forecasts/moab
2276,/archives/forecasts/abajos
2277,/forecast/salt-lake/12/1/2019
2278,/forecast/salt-lake/11/30/2019
2279,/forecast/salt-lake/11/29/2019
2280,/forecast/salt-lake/11/28/2019
2281,/forecast/salt-lake/11/27/2019
2282,/forecast/salt-lake/11/26/2019
2283,/forecast/salt-lake/11/25/2019
2284,/forecast/salt-lake/11/24/2019
2285,/forecast/salt-lake/11/22/2019
2286,/forecast/salt-lake/11/21/2019
2287,/forecast/salt-lake/11/20/2019
2288,/forecast/salt-lake/11/15/2019
2289,/forecast/salt-lake/11/12/2019
2290,/forecast/salt-lake/10/30/2019
2291,/forecast/salt-lake/10/28/2019
2292,/forecast/salt-lake/10/25/2019
2293,/forecast/salt-lake/10/20/2019
2294,/forecast/salt-lake/9/27/2019
2295,/forecast/salt-lake/5/1/2019
2296,/forecast/salt-lake/4/30/2019
2297,/forecast/salt-lake/4/21/2019-0
2298,/forecast/salt-lake/4/21/2019
2299,/forecast/salt-lake/4/20/2019
2300,/forecast/salt-lake/4/19/2019
2301,/forecast/salt-lake/4/18/2019
2302,/forecast/salt-lake/4/17/2019
2303,/forecast/salt-lake/4/16/2019
2304,/forecast/salt-lake/4/15/2019
2305,/forecast/salt-lake/4/14/2019
2306,/forecast/salt-lake/4/13/2019
2307,/forecast/salt-lake/4/12/2019
2308,/forecast/salt-lake/4/11/2019
2309,/forecast/salt-lake/4/10/2019
2310,/forecast/salt-lake/4/9/2019
2311,/forecast/salt-lake/4/8/2019
2312,/forecast/salt-lake/4/7/2019
2313,/forecast/salt-lake/4/6/2019
2314,/forecast/salt-lake/4/5/2019
2315,/forecast/salt-lake/4/4/2019
2316,/forecast/salt-lake/4/3/2019
2317,/forecast/salt-lake/4/2/2019
2318,/forecast/salt-lake/4/1/2019
2319,/forecast/salt-lake/3/31/2019
2320,/forecast/salt-lake/3/30/2019
2321,/forecast/salt-lake/3/29/2019
2322,/forecast/salt-lake/3/28/2019
2323,/forecast/salt-lake/3/27/2019
2324,/forecast/salt-lake/3/26/2019
2325,/forecast/salt-lake/3/25/2019
2326,/forecast/salt-lake/3/24/2019
2327,/archives/forecasts/salt-lake?page=12
2328,/archives/forecasts/salt-lake?page=14
2329,/lift-ticket-donations
2330,/affiliate-sales
2331,/civicrm/profile/create?gid=1&reset=1
2332,tel:+18889994019
2333,/about/contact
2334,/privacy-policy
2335,https://www.instagram.com/utavy/
2336,https://www.facebook.com/Utah.Avalanche.Center
2337,https://twitter.com/UACwasatch
2338,https://store.utahavalanchecenter.org/collections/events-1
2339,https://www.mammut.com/
2340,/
2341,/observations-avalanches/submit
2342,
2343,/forecast/logan
2344,/forecast/ogden
2345,/forecast/salt-lake
2346,/forecast/provo
2347,/forecast/uintas
2348,/forecast/skyline
2349,/forecast/moab
2350,/forecast/abajos
2351,/node/13549
2352,/archives/forecasts
2353,/node/41482
2354,/node/13652
2355,/observations
2356,/avalanches
2357,/avalanches/fatalities
2358,http://wasatchbackcountryskiing.com/
2359,/node/16726
2360,/node/69813
2361,/node/70741
2362,/node/69815
2363,/node/70744
2364,https://store.utahavalanchecenter.org/collections/events-1
2365,https://store.utahavalanchecenter.org/
2366,/node/21578
2367,/node/13544
2368,https://utahavalanchecenter.org/core-values
2369,/node/13545
2370,/node/13546
2371,/node/39841
2372,/node/39875
2373,/node/16727
2374,/user/login
2375,/node/39859
2376,/join
2377,/forecast/logan
2378,/forecast/ogden
2379,/forecast/salt-lake
2380,/forecast/provo
2381,/forecast/uintas
2382,/forecast/skyline
2383,/forecast/moab
2384,/forecast/abajos
2385,/node/13549
2386,/archives/forecasts
2387,/node/41482
2388,/node/13652
2389,/observations
2390,/avalanches
2391,/avalanches/fatalities
2392,http://wasatchbackcountryskiing.com/
2393,/node/16726
2394,/node/69813
2395,/node/70741
2396,/node/69815
2397,/node/70744
2398,https://store.utahavalanchecenter.org/collections/events-1
2399,https://store.utahavalanchecenter.org/
2400,/node/21578
2401,/node/13544
2402,https://utahavalanchecenter.org/core-values
2403,/node/13545
2404,/node/13546
2405,/node/39841
2406,/node/39875
2407,/node/16727
2408,/user/login
2409,/node/39859
2410,/observations-avalanches/submit
2411,/join
2412,/forecast/logan
2413,/forecast/ogden
2414,/forecast/salt-lake
2415,/forecast/provo
2416,/forecast/uintas
2417,/forecast/skyline
2418,/forecast/moab
2419,/forecast/abajos
2420,/node/13549
2421,/archives/forecasts
2422,/node/41482
2423,https://www.northstarsuo.com/
2424,/archive/advisories/logan
2425,/archive/advisories/ogden
2426,/archive/advisories/salt-lake
2427,/archive/advisories/provo
2428,/archive/advisories/uintas
2429,/archive/advisories/skyline
2430,/archive/advisories/moab
2431,/archive/advisories/abajo
2432,/archive/advisories/la-sal-mountains
2433,/archive/advisories/southwest
2434,/archive/advisories/wasatch
2435,/archive/advisories/state-wide
2436,/archives/forecasts/logan
2437,/archives/forecasts/ogden
2438,/archives/forecasts/uintas
2439,/archives/forecasts/salt-lake
2440,/archives/forecasts/provo
2441,/archives/forecasts/skyline
2442,/archives/forecasts/moab
2443,/archives/forecasts/abajos
2444,/forecast/salt-lake/3/23/2019
2445,/forecast/salt-lake/3/22/2019
2446,/forecast/salt-lake/3/21/2019
2447,/forecast/salt-lake/3/20/2019
2448,/forecast/salt-lake/3/19/2019
2449,/forecast/salt-lake/3/18/2019
2450,/forecast/salt-lake/3/17/2019
2451,/forecast/salt-lake/3/16/2019
2452,/forecast/salt-lake/3/15/2019
2453,/forecast/salt-lake/3/14/2019
2454,/forecast/salt-lake/3/13/2019
2455,/forecast/salt-lake/3/12/2019
2456,/forecast/salt-lake/3/11/2019
2457,/forecast/salt-lake/3/10/2019
2458,/forecast/salt-lake/3/9/2019
2459,/forecast/salt-lake/3/8/2019
2460,/forecast/salt-lake/3/7/2019
2461,/forecast/salt-lake/3/6/2019
2462,/forecast/salt-lake/3/5/2019
2463,/forecast/salt-lake/3/4/2019
2464,/forecast/salt-lake/3/3/2019
2465,/forecast/salt-lake/3/2/2019
2466,/forecast/salt-lake/3/1/2019
2467,/forecast/salt-lake/2/28/2019
2468,/forecast/salt-lake/2/27/2019
2469,/forecast/salt-lake/2/26/2019
2470,/forecast/salt-lake/2/25/2019
2471,/forecast/salt-lake/2/24/2019
2472,/forecast/salt-lake/2/23/2019
2473,/forecast/salt-lake/2/22/2019
2474,/forecast/salt-lake/2/21/2019
2475,/forecast/salt-lake/2/20/2019
2476,/forecast/salt-lake/2/19/2019
2477,/forecast/salt-lake/2/18/2019
2478,/forecast/salt-lake/2/17/2019
2479,/forecast/salt-lake/2/16/2019
2480,/forecast/salt-lake/2/15/2019
2481,/forecast/salt-lake/2/14/2019
2482,/forecast/salt-lake/2/13/2019
2483,/forecast/salt-lake/2/12/2019
2484,/forecast/salt-lake/2/11/2019
2485,/forecast/salt-lake/2/10/2019
2486,/forecast/salt-lake/2/9/2019
2487,/forecast/salt-lake/2/8/2019
2488,/forecast/salt-lake/2/7/2019
2489,/forecast/salt-lake/2/6/2019
2490,/forecast/salt-lake/2/5/2019
2491,/forecast/salt-lake/2/4/2019
2492,/forecast/salt-lake/2/3/2019
2493,/forecast/salt-lake/2/2/2019
2494,/archives/forecasts/salt-lake?page=13
2495,/archives/forecasts/salt-lake?page=15
2496,/lift-ticket-donations
2497,/affiliate-sales
2498,/civicrm/profile/create?gid=1&reset=1
2499,tel:+18889994019
2500,/about/contact
2501,/privacy-policy
2502,https://www.instagram.com/utavy/
2503,https://www.facebook.com/Utah.Avalanche.Center
2504,https://twitter.com/UACwasatch
2505,https://store.utahavalanchecenter.org/collections/events-1
2506,https://www.mammut.com/
2507,/
2508,/observations-avalanches/submit
2509,
2510,/forecast/logan
2511,/forecast/ogden
2512,/forecast/salt-lake
2513,/forecast/provo
2514,/forecast/uintas
2515,/forecast/skyline
2516,/forecast/moab
2517,/forecast/abajos
2518,/node/13549
2519,/archives/forecasts
2520,/node/41482
2521,/node/13652
2522,/observations
2523,/avalanches
2524,/avalanches/fatalities
2525,http://wasatchbackcountryskiing.com/
2526,/node/16726
2527,/node/69813
2528,/node/70741
2529,/node/69815
2530,/node/70744
2531,https://store.utahavalanchecenter.org/collections/events-1
2532,https://store.utahavalanchecenter.org/
2533,/node/21578
2534,/node/13544
2535,https://utahavalanchecenter.org/core-values
2536,/node/13545
2537,/node/13546
2538,/node/39841
2539,/node/39875
2540,/node/16727
2541,/user/login
2542,/node/39859
2543,/join
2544,/forecast/logan
2545,/forecast/ogden
2546,/forecast/salt-lake
2547,/forecast/provo
2548,/forecast/uintas
2549,/forecast/skyline
2550,/forecast/moab
2551,/forecast/abajos
2552,/node/13549
2553,/archives/forecasts
2554,/node/41482
2555,/node/13652
2556,/observations
2557,/avalanches
2558,/avalanches/fatalities
2559,http://wasatchbackcountryskiing.com/
2560,/node/16726
2561,/node/69813
2562,/node/70741
2563,/node/69815
2564,/node/70744
2565,https://store.utahavalanchecenter.org/collections/events-1
2566,https://store.utahavalanchecenter.org/
2567,/node/21578
2568,/node/13544
2569,https://utahavalanchecenter.org/core-values
2570,/node/13545
2571,/node/13546
2572,/node/39841
2573,/node/39875
2574,/node/16727
2575,/user/login
2576,/node/39859
2577,/observations-avalanches/submit
2578,/join
2579,/forecast/logan
2580,/forecast/ogden
2581,/forecast/salt-lake
2582,/forecast/provo
2583,/forecast/uintas
2584,/forecast/skyline
2585,/forecast/moab
2586,/forecast/abajos
2587,/node/13549
2588,/archives/forecasts
2589,/node/41482
2590,https://www.northstarsuo.com/
2591,/archive/advisories/logan
2592,/archive/advisories/ogden
2593,/archive/advisories/salt-lake
2594,/archive/advisories/provo
2595,/archive/advisories/uintas
2596,/archive/advisories/skyline
2597,/archive/advisories/moab
2598,/archive/advisories/abajo
2599,/archive/advisories/la-sal-mountains
2600,/archive/advisories/southwest
2601,/archive/advisories/wasatch
2602,/archive/advisories/state-wide
2603,/archives/forecasts/logan
2604,/archives/forecasts/ogden
2605,/archives/forecasts/uintas
2606,/archives/forecasts/salt-lake
2607,/archives/forecasts/provo
2608,/archives/forecasts/skyline
2609,/archives/forecasts/moab
2610,/archives/forecasts/abajos
2611,/forecast/salt-lake/2/1/2019
2612,/forecast/salt-lake/1/31/2019
2613,/forecast/salt-lake/1/30/2019
2614,/forecast/salt-lake/1/29/2019
2615,/forecast/salt-lake/1/28/2019
2616,/forecast/salt-lake/1/27/2019
2617,/forecast/salt-lake/1/26/2019
2618,/forecast/salt-lake/1/25/2019
2619,/forecast/salt-lake/1/24/2019
2620,/forecast/salt-lake/1/23/2019
2621,/forecast/salt-lake/1/22/2019
2622,/forecast/salt-lake/1/21/2019
2623,/forecast/salt-lake/1/20/2019
2624,/forecast/salt-lake/1/19/2019
2625,/forecast/salt-lake/1/18/2019
2626,/forecast/salt-lake/1/17/2019
2627,/forecast/salt-lake/1/16/2019
2628,/forecast/salt-lake/1/15/2019
2629,/forecast/salt-lake/1/14/2019
2630,/forecast/salt-lake/1/13/2019
2631,/forecast/salt-lake/1/12/2019
2632,/forecast/salt-lake/1/11/2019
2633,/forecast/salt-lake/1/10/2019
2634,/forecast/salt-lake/1/9/2019
2635,/forecast/salt-lake/1/8/2019
2636,/forecast/salt-lake/1/7/2019
2637,/forecast/salt-lake/1/6/2019
2638,/forecast/salt-lake/1/5/2019
2639,/forecast/salt-lake/1/4/2019
2640,/forecast/salt-lake/1/3/2019
2641,/forecast/salt-lake/1/2/2019
2642,/forecast/salt-lake/1/1/2019
2643,/forecast/salt-lake/12/31/2018
2644,/forecast/salt-lake/12/30/2018
2645,/forecast/salt-lake/12/29/2018
2646,/forecast/salt-lake/12/28/2018
2647,/forecast/salt-lake/12/27/2018
2648,/forecast/salt-lake/12/26/2018
2649,/forecast/salt-lake/12/25/2018
2650,/forecast/salt-lake/12/24/2018
2651,/forecast/salt-lake/12/23/2018
2652,/forecast/salt-lake/12/22/2018
2653,/forecast/salt-lake/12/21/2018
2654,/forecast/salt-lake/12/20/2018
2655,/forecast/salt-lake/12/19/2018
2656,/forecast/salt-lake/12/18/2018
2657,/forecast/salt-lake/12/17/2018
2658,/forecast/salt-lake/12/16/2018
2659,/forecast/salt-lake/12/15/2018
2660,/forecast/salt-lake/12/14/2018
2661,/archives/forecasts/salt-lake?page=14
2662,/archives/forecasts/salt-lake?page=16
2663,/lift-ticket-donations
2664,/affiliate-sales
2665,/civicrm/profile/create?gid=1&reset=1
2666,tel:+18889994019
2667,/about/contact
2668,/privacy-policy
2669,https://www.instagram.com/utavy/
2670,https://www.facebook.com/Utah.Avalanche.Center
2671,https://twitter.com/UACwasatch
2672,https://store.utahavalanchecenter.org/collections/events-1
2673,https://www.mammut.com/
2674,/
2675,/observations-avalanches/submit
2676,
2677,/forecast/logan
2678,/forecast/ogden
2679,/forecast/salt-lake
2680,/forecast/provo
2681,/forecast/uintas
2682,/forecast/skyline
2683,/forecast/moab
2684,/forecast/abajos
2685,/node/13549
2686,/archives/forecasts
2687,/node/41482
2688,/node/13652
2689,/observations
2690,/avalanches
2691,/avalanches/fatalities
2692,http://wasatchbackcountryskiing.com/
2693,/node/16726
2694,/node/69813
2695,/node/70741
2696,/node/69815
2697,/node/70744
2698,https://store.utahavalanchecenter.org/collections/events-1
2699,https://store.utahavalanchecenter.org/
2700,/node/21578
2701,/node/13544
2702,https://utahavalanchecenter.org/core-values
2703,/node/13545
2704,/node/13546
2705,/node/39841
2706,/node/39875
2707,/node/16727
2708,/user/login
2709,/node/39859
2710,/join
2711,/forecast/logan
2712,/forecast/ogden
2713,/forecast/salt-lake
2714,/forecast/provo
2715,/forecast/uintas
2716,/forecast/skyline
2717,/forecast/moab
2718,/forecast/abajos
2719,/node/13549
2720,/archives/forecasts
2721,/node/41482
2722,/node/13652
2723,/observations
2724,/avalanches
2725,/avalanches/fatalities
2726,http://wasatchbackcountryskiing.com/
2727,/node/16726
2728,/node/69813
2729,/node/70741
2730,/node/69815
2731,/node/70744
2732,https://store.utahavalanchecenter.org/collections/events-1
2733,https://store.utahavalanchecenter.org/
2734,/node/21578
2735,/node/13544
2736,https://utahavalanchecenter.org/core-values
2737,/node/13545
2738,/node/13546
2739,/node/39841
2740,/node/39875
2741,/node/16727
2742,/user/login
2743,/node/39859
2744,/observations-avalanches/submit
2745,/join
2746,/forecast/logan
2747,/forecast/ogden
2748,/forecast/salt-lake
2749,/forecast/provo
2750,/forecast/uintas
2751,/forecast/skyline
2752,/forecast/moab
2753,/forecast/abajos
2754,/node/13549
2755,/archives/forecasts
2756,/node/41482
2757,https://www.northstarsuo.com/
2758,/archive/advisories/logan
2759,/archive/advisories/ogden
2760,/archive/advisories/salt-lake
2761,/archive/advisories/provo
2762,/archive/advisories/uintas
2763,/archive/advisories/skyline
2764,/archive/advisories/moab
2765,/archive/advisories/abajo
2766,/archive/advisories/la-sal-mountains
2767,/archive/advisories/southwest
2768,/archive/advisories/wasatch
2769,/archive/advisories/state-wide
2770,/archives/forecasts/logan
2771,/archives/forecasts/ogden
2772,/archives/forecasts/uintas
2773,/archives/forecasts/salt-lake
2774,/archives/forecasts/provo
2775,/archives/forecasts/skyline
2776,/archives/forecasts/moab
2777,/archives/forecasts/abajos
2778,/forecast/salt-lake/12/13/2018
2779,/forecast/salt-lake/12/12/2018
2780,/forecast/salt-lake/12/11/2018
2781,/forecast/salt-lake/12/10/2018
2782,/forecast/salt-lake/12/9/2018
2783,/forecast/salt-lake/12/8/2018
2784,/forecast/salt-lake/12/7/2018-0
2785,/forecast/salt-lake/12/6/2018
2786,/forecast/salt-lake/12/5/2018
2787,/forecast/salt-lake/12/4/2018
2788,/forecast/salt-lake/12/3/2018
2789,/forecast/salt-lake/12/2/2018
2790,/forecast/salt-lake/12/1/2018
2791,/forecast/salt-lake/11/30/2018
2792,/forecast/salt-lake/11/29/2018
2793,/forecast/salt-lake/11/28/2018
2794,/forecast/salt-lake/11/27/2018
2795,/forecast/salt-lake/11/26/2018
2796,/forecast/salt-lake/11/25/2018
2797,/forecast/salt-lake/11/24/2018
2798,/forecast/salt-lake/11/23/2018
2799,/forecast/salt-lake/11/22/2018
2800,/forecast/salt-lake/11/19/2018-0
2801,/forecast/salt-lake/11/19/2018
2802,/forecast/salt-lake/11/15/2018
2803,/forecast/salt-lake/11/12/2018
2804,/forecast/salt-lake/11/9/2018
2805,/forecast/salt-lake/11/6/2018
2806,/forecast/salt-lake/11/2/2018
2807,/forecast/salt-lake/10/10/2018-0
2808,/forecast/salt-lake/10/10/2018
2809,/archives/forecasts/salt-lake?page=15
2810,#_
2811,/lift-ticket-donations
2812,/affiliate-sales
2813,/civicrm/profile/create?gid=1&reset=1
2814,tel:+18889994019
2815,/about/contact
2816,/privacy-policy
2817,https://www.instagram.com/utavy/
2818,https://www.facebook.com/Utah.Avalanche.Center
2819,https://twitter.com/UACwasatch
