index,url
106,https://utahavalanchecenter.org/forecast/salt-lake/10/2/2023
107,https://utahavalanchecenter.org/forecast/salt-lake/5/8/2023
108,https://utahavalanchecenter.org/forecast/salt-lake/5/7/2023
109,https://utahavalanchecenter.org/forecast/salt-lake/5/6/2023
110,https://utahavalanchecenter.org/forecast/salt-lake/5/4/2023
111,https://utahavalanchecenter.org/forecast/salt-lake/5/2/2023
112,https://utahavalanchecenter.org/forecast/salt-lake/4/30/2023
113,https://utahavalanchecenter.org/forecast/salt-lake/4/27/2023
114,https://utahavalanchecenter.org/forecast/salt-lake/4/26/2023
115,https://utahavalanchecenter.org/forecast/salt-lake/4/25/2023
116,https://utahavalanchecenter.org/forecast/salt-lake/4/24/2023
117,https://utahavalanchecenter.org/forecast/salt-lake/4/23/2023
118,https://utahavalanchecenter.org/forecast/salt-lake/4/22/2023
119,https://utahavalanchecenter.org/forecast/salt-lake/4/21/2023
120,https://utahavalanchecenter.org/forecast/salt-lake/4/20/2023
121,https://utahavalanchecenter.org/forecast/salt-lake/4/19/2023
122,https://utahavalanchecenter.org/forecast/salt-lake/4/18/2023
123,https://utahavalanchecenter.org/forecast/salt-lake/4/17/2023
124,https://utahavalanchecenter.org/forecast/salt-lake/4/16/2023
125,https://utahavalanchecenter.org/forecast/salt-lake/4/15/2023
126,https://utahavalanchecenter.org/forecast/salt-lake/4/14/2023
127,https://utahavalanchecenter.org/forecast/salt-lake/4/13/2023
128,https://utahavalanchecenter.org/forecast/salt-lake/4/12/2023
129,https://utahavalanchecenter.org/forecast/salt-lake/4/11/2023
130,https://utahavalanchecenter.org/forecast/salt-lake/4/10/2023
131,https://utahavalanchecenter.org/forecast/salt-lake/4/9/2023
132,https://utahavalanchecenter.org/forecast/salt-lake/4/8/2023
133,https://utahavalanchecenter.org/forecast/salt-lake/4/7/2023
134,https://utahavalanchecenter.org/forecast/salt-lake/4/6/2023
135,https://utahavalanchecenter.org/forecast/salt-lake/4/5/2023
136,https://utahavalanchecenter.org/forecast/salt-lake/4/4/2023
137,https://utahavalanchecenter.org/forecast/salt-lake/4/3/2023
138,https://utahavalanchecenter.org/forecast/salt-lake/4/2/2023
139,https://utahavalanchecenter.org/forecast/salt-lake/4/1/2023
140,https://utahavalanchecenter.org/forecast/salt-lake/3/31/2023
141,https://utahavalanchecenter.org/forecast/salt-lake/3/30/2023
142,https://utahavalanchecenter.org/forecast/salt-lake/3/29/2023
143,https://utahavalanchecenter.org/forecast/salt-lake/3/28/2023
144,https://utahavalanchecenter.org/forecast/salt-lake/3/27/2023
145,https://utahavalanchecenter.org/forecast/salt-lake/3/26/2023
146,https://utahavalanchecenter.org/forecast/salt-lake/3/25/2023
147,https://utahavalanchecenter.org/forecast/salt-lake/3/24/2023
148,https://utahavalanchecenter.org/forecast/salt-lake/3/23/2023
149,https://utahavalanchecenter.org/forecast/salt-lake/3/22/2023
150,https://utahavalanchecenter.org/forecast/salt-lake/3/21/2023
151,https://utahavalanchecenter.org/forecast/salt-lake/3/20/2023
152,https://utahavalanchecenter.org/forecast/salt-lake/3/19/2023
153,https://utahavalanchecenter.org/forecast/salt-lake/3/18/2023
154,https://utahavalanchecenter.org/forecast/salt-lake/3/17/2023
155,https://utahavalanchecenter.org/forecast/salt-lake/3/16/2023
273,https://utahavalanchecenter.org/forecast/salt-lake/3/15/2023
274,https://utahavalanchecenter.org/forecast/salt-lake/3/14/2023
275,https://utahavalanchecenter.org/forecast/salt-lake/3/13/2023
276,https://utahavalanchecenter.org/forecast/salt-lake/3/12/2023
277,https://utahavalanchecenter.org/forecast/salt-lake/3/11/2023
278,https://utahavalanchecenter.org/forecast/salt-lake/3/10/2023
279,https://utahavalanchecenter.org/forecast/salt-lake/3/9/2023
280,https://utahavalanchecenter.org/forecast/salt-lake/3/8/2023
281,https://utahavalanchecenter.org/forecast/salt-lake/3/7/2023
282,https://utahavalanchecenter.org/forecast/salt-lake/3/6/2023
283,https://utahavalanchecenter.org/forecast/salt-lake/3/5/2023
284,https://utahavalanchecenter.org/forecast/salt-lake/3/4/2023
285,https://utahavalanchecenter.org/forecast/salt-lake/3/3/2023
286,https://utahavalanchecenter.org/forecast/salt-lake/3/2/2023
287,https://utahavalanchecenter.org/forecast/salt-lake/3/1/2023
288,https://utahavalanchecenter.org/forecast/salt-lake/2/28/2023
289,https://utahavalanchecenter.org/forecast/salt-lake/2/27/2023
290,https://utahavalanchecenter.org/forecast/salt-lake/2/26/2023
291,https://utahavalanchecenter.org/forecast/salt-lake/2/25/2023
292,https://utahavalanchecenter.org/forecast/salt-lake/2/24/2023
293,https://utahavalanchecenter.org/forecast/salt-lake/2/23/2023
294,https://utahavalanchecenter.org/forecast/salt-lake/2/22/2023
295,https://utahavalanchecenter.org/forecast/salt-lake/2/21/2023
296,https://utahavalanchecenter.org/forecast/salt-lake/2/20/2023
297,https://utahavalanchecenter.org/forecast/salt-lake/2/19/2023
298,https://utahavalanchecenter.org/forecast/salt-lake/2/18/2023
299,https://utahavalanchecenter.org/forecast/salt-lake/2/17/2023
300,https://utahavalanchecenter.org/forecast/salt-lake/2/16/2023
301,https://utahavalanchecenter.org/forecast/salt-lake/2/15/2023
302,https://utahavalanchecenter.org/forecast/salt-lake/2/14/2023
303,https://utahavalanchecenter.org/forecast/salt-lake/2/13/2023
304,https://utahavalanchecenter.org/forecast/salt-lake/2/12/2023
305,https://utahavalanchecenter.org/forecast/salt-lake/2/11/2023
306,https://utahavalanchecenter.org/forecast/salt-lake/2/10/2023
307,https://utahavalanchecenter.org/forecast/salt-lake/2/9/2023
308,https://utahavalanchecenter.org/forecast/salt-lake/2/8/2023
309,https://utahavalanchecenter.org/forecast/salt-lake/2/7/2023
310,https://utahavalanchecenter.org/forecast/salt-lake/2/6/2023
311,https://utahavalanchecenter.org/forecast/salt-lake/2/5/2023
312,https://utahavalanchecenter.org/forecast/salt-lake/2/4/2023
313,https://utahavalanchecenter.org/forecast/salt-lake/2/3/2023
314,https://utahavalanchecenter.org/forecast/salt-lake/2/2/2023
315,https://utahavalanchecenter.org/forecast/salt-lake/2/1/2023
316,https://utahavalanchecenter.org/forecast/salt-lake/1/31/2023
317,https://utahavalanchecenter.org/forecast/salt-lake/1/30/2023
318,https://utahavalanchecenter.org/forecast/salt-lake/1/29/2023
319,https://utahavalanchecenter.org/forecast/salt-lake/1/28/2023
320,https://utahavalanchecenter.org/forecast/salt-lake/1/27/2023
321,https://utahavalanchecenter.org/forecast/salt-lake/1/26/2023
322,https://utahavalanchecenter.org/forecast/salt-lake/1/25/2023
440,https://utahavalanchecenter.org/forecast/salt-lake/1/24/2023
441,https://utahavalanchecenter.org/forecast/salt-lake/1/23/2023
442,https://utahavalanchecenter.org/forecast/salt-lake/1/22/2023
443,https://utahavalanchecenter.org/forecast/salt-lake/1/21/2023
444,https://utahavalanchecenter.org/forecast/salt-lake/1/20/2023
445,https://utahavalanchecenter.org/forecast/salt-lake/1/19/2023
446,https://utahavalanchecenter.org/forecast/salt-lake/1/18/2023
447,https://utahavalanchecenter.org/forecast/salt-lake/1/17/2023
448,https://utahavalanchecenter.org/forecast/salt-lake/1/16/2023
449,https://utahavalanchecenter.org/forecast/salt-lake/1/15/2023
450,https://utahavalanchecenter.org/forecast/salt-lake/1/14/2023
451,https://utahavalanchecenter.org/forecast/salt-lake/1/13/2023
452,https://utahavalanchecenter.org/forecast/salt-lake/1/12/2023
453,https://utahavalanchecenter.org/forecast/salt-lake/1/11/2023
454,https://utahavalanchecenter.org/forecast/salt-lake/1/10/2023
455,https://utahavalanchecenter.org/forecast/salt-lake/1/9/2023
456,https://utahavalanchecenter.org/forecast/salt-lake/1/8/2023
457,https://utahavalanchecenter.org/forecast/salt-lake/1/7/2023-0
458,https://utahavalanchecenter.org/forecast/salt-lake/1/6/2023
459,https://utahavalanchecenter.org/forecast/salt-lake/1/5/2023
460,https://utahavalanchecenter.org/forecast/salt-lake/1/4/2023
461,https://utahavalanchecenter.org/forecast/salt-lake/1/3/2023
462,https://utahavalanchecenter.org/forecast/salt-lake/1/2/2023
463,https://utahavalanchecenter.org/forecast/salt-lake/1/1/2023
464,https://utahavalanchecenter.org/forecast/salt-lake/12/31/2022
465,https://utahavalanchecenter.org/forecast/salt-lake/12/30/2022
466,https://utahavalanchecenter.org/forecast/salt-lake/12/29/2022
467,https://utahavalanchecenter.org/forecast/salt-lake/12/28/2022
468,https://utahavalanchecenter.org/forecast/salt-lake/12/27/2022
469,https://utahavalanchecenter.org/forecast/salt-lake/12/26/2022
470,https://utahavalanchecenter.org/forecast/salt-lake/12/25/2022
471,https://utahavalanchecenter.org/forecast/salt-lake/12/24/2022
472,https://utahavalanchecenter.org/forecast/salt-lake/12/23/2022
473,https://utahavalanchecenter.org/forecast/salt-lake/12/22/2022
474,https://utahavalanchecenter.org/forecast/salt-lake/12/21/2022
475,https://utahavalanchecenter.org/forecast/salt-lake/12/20/2022
476,https://utahavalanchecenter.org/forecast/salt-lake/12/19/2022
477,https://utahavalanchecenter.org/forecast/salt-lake/12/18/2022
478,https://utahavalanchecenter.org/forecast/salt-lake/12/17/2022
479,https://utahavalanchecenter.org/forecast/salt-lake/12/16/2022
480,https://utahavalanchecenter.org/forecast/salt-lake/12/15/2022
481,https://utahavalanchecenter.org/forecast/salt-lake/12/14/2022
482,https://utahavalanchecenter.org/forecast/salt-lake/12/13/2022
483,https://utahavalanchecenter.org/forecast/salt-lake/12/12/2022
484,https://utahavalanchecenter.org/forecast/salt-lake/12/11/2022
485,https://utahavalanchecenter.org/forecast/salt-lake/12/10/2022
486,https://utahavalanchecenter.org/forecast/salt-lake/12/9/2022
487,https://utahavalanchecenter.org/forecast/salt-lake/12/8/2022
488,https://utahavalanchecenter.org/forecast/salt-lake/12/7/2022
489,https://utahavalanchecenter.org/forecast/salt-lake/12/6/2022
607,https://utahavalanchecenter.org/forecast/salt-lake/12/5/2022
608,https://utahavalanchecenter.org/forecast/salt-lake/12/4/2022
609,https://utahavalanchecenter.org/forecast/salt-lake/12/3/2022
610,https://utahavalanchecenter.org/forecast/salt-lake/12/2/2022
611,https://utahavalanchecenter.org/forecast/salt-lake/12/1/2022
612,https://utahavalanchecenter.org/forecast/salt-lake/11/30/2022
613,https://utahavalanchecenter.org/forecast/salt-lake/11/29/2022
614,https://utahavalanchecenter.org/forecast/salt-lake/11/28/2022
615,https://utahavalanchecenter.org/forecast/salt-lake/11/27/2022
616,https://utahavalanchecenter.org/forecast/salt-lake/11/25/2022
617,https://utahavalanchecenter.org/forecast/salt-lake/11/23/2022
618,https://utahavalanchecenter.org/forecast/salt-lake/11/20/2022
619,https://utahavalanchecenter.org/forecast/salt-lake/11/19/2022
620,https://utahavalanchecenter.org/forecast/salt-lake/11/18/2022
621,https://utahavalanchecenter.org/forecast/salt-lake/11/17/2022
622,https://utahavalanchecenter.org/forecast/salt-lake/11/16/2022
623,https://utahavalanchecenter.org/forecast/salt-lake/11/15/2022
624,https://utahavalanchecenter.org/forecast/salt-lake/11/14/2022
625,https://utahavalanchecenter.org/forecast/salt-lake/11/13/2022
626,https://utahavalanchecenter.org/forecast/salt-lake/11/12/2022
627,https://utahavalanchecenter.org/forecast/salt-lake/11/10/2022
628,https://utahavalanchecenter.org/forecast/salt-lake/11/9/2022
629,https://utahavalanchecenter.org/forecast/salt-lake/11/8/2022
630,https://utahavalanchecenter.org/forecast/salt-lake/11/7/2022
631,https://utahavalanchecenter.org/forecast/salt-lake/11/6/2022
632,https://utahavalanchecenter.org/forecast/salt-lake/11/5/2022
633,https://utahavalanchecenter.org/forecast/salt-lake/11/4/2022
634,https://utahavalanchecenter.org/forecast/salt-lake/11/3/2022
635,https://utahavalanchecenter.org/forecast/salt-lake/11/1/2022
636,https://utahavalanchecenter.org/forecast/salt-lake/10/28/2022
637,https://utahavalanchecenter.org/forecast/salt-lake/10/26/2022
638,https://utahavalanchecenter.org/forecast/salt-lake/10/24/2022
639,https://utahavalanchecenter.org/forecast/salt-lake/10/22/2022
640,https://utahavalanchecenter.org/forecast/salt-lake/10/17/2022
641,https://utahavalanchecenter.org/forecast/salt-lake/9/12/2022
642,https://utahavalanchecenter.org/forecast/salt-lake/5/1/2022
643,https://utahavalanchecenter.org/forecast/salt-lake/4/29/2022
644,https://utahavalanchecenter.org/forecast/salt-lake/4/24/2022
645,https://utahavalanchecenter.org/forecast/salt-lake/4/23/2022
646,https://utahavalanchecenter.org/forecast/salt-lake/4/22/2022
647,https://utahavalanchecenter.org/forecast/salt-lake/4/20/2022
648,https://utahavalanchecenter.org/forecast/salt-lake/4/18/2022
649,https://utahavalanchecenter.org/forecast/salt-lake/4/17/2022
650,https://utahavalanchecenter.org/forecast/salt-lake/4/16/2022
651,https://utahavalanchecenter.org/forecast/salt-lake/4/15/2022
652,https://utahavalanchecenter.org/forecast/salt-lake/4/14/2022
653,https://utahavalanchecenter.org/forecast/salt-lake/4/13/2022
654,https://utahavalanchecenter.org/forecast/salt-lake/4/12/2022
655,https://utahavalanchecenter.org/forecast/salt-lake/4/11/2022
656,https://utahavalanchecenter.org/forecast/salt-lake/4/10/2022
774,https://utahavalanchecenter.org/forecast/salt-lake/4/9/2022
775,https://utahavalanchecenter.org/forecast/salt-lake/4/8/2022
776,https://utahavalanchecenter.org/forecast/salt-lake/4/7/2022
777,https://utahavalanchecenter.org/forecast/salt-lake/4/6/2022
778,https://utahavalanchecenter.org/forecast/salt-lake/4/5/2022
779,https://utahavalanchecenter.org/forecast/salt-lake/4/4/2022
780,https://utahavalanchecenter.org/forecast/salt-lake/4/3/2022
781,https://utahavalanchecenter.org/forecast/salt-lake/4/2/2022
782,https://utahavalanchecenter.org/forecast/salt-lake/4/1/2022
783,https://utahavalanchecenter.org/forecast/salt-lake/3/31/2022
784,https://utahavalanchecenter.org/forecast/salt-lake/3/30/2022
785,https://utahavalanchecenter.org/forecast/salt-lake/3/29/2022
786,https://utahavalanchecenter.org/forecast/salt-lake/3/28/2022
787,https://utahavalanchecenter.org/forecast/salt-lake/3/27/2022
788,https://utahavalanchecenter.org/forecast/salt-lake/3/26/2022
789,https://utahavalanchecenter.org/forecast/salt-lake/3/25/2022
790,https://utahavalanchecenter.org/forecast/salt-lake/3/24/2022
791,https://utahavalanchecenter.org/forecast/salt-lake/3/23/2022
792,https://utahavalanchecenter.org/forecast/salt-lake/3/22/2022
793,https://utahavalanchecenter.org/forecast/salt-lake/3/21/2022
794,https://utahavalanchecenter.org/forecast/salt-lake/3/20/2022
795,https://utahavalanchecenter.org/forecast/salt-lake/3/19/2022
796,https://utahavalanchecenter.org/forecast/salt-lake/3/18/2022
797,https://utahavalanchecenter.org/forecast/salt-lake/3/17/2022
798,https://utahavalanchecenter.org/forecast/salt-lake/3/16/2022
799,https://utahavalanchecenter.org/forecast/salt-lake/3/15/2022
800,https://utahavalanchecenter.org/forecast/salt-lake/3/14/2022
801,https://utahavalanchecenter.org/forecast/salt-lake/3/13/2022
802,https://utahavalanchecenter.org/forecast/salt-lake/3/12/2022
803,https://utahavalanchecenter.org/forecast/salt-lake/3/11/2022
804,https://utahavalanchecenter.org/forecast/salt-lake/3/10/2022
805,https://utahavalanchecenter.org/forecast/salt-lake/3/9/2022
806,https://utahavalanchecenter.org/forecast/salt-lake/3/8/2022
807,https://utahavalanchecenter.org/forecast/salt-lake/3/7/2022
808,https://utahavalanchecenter.org/forecast/salt-lake/3/6/2022
809,https://utahavalanchecenter.org/forecast/salt-lake/3/5/2022
810,https://utahavalanchecenter.org/forecast/salt-lake/3/4/2022
811,https://utahavalanchecenter.org/forecast/salt-lake/3/3/2022
812,https://utahavalanchecenter.org/forecast/salt-lake/3/2/2022
813,https://utahavalanchecenter.org/forecast/salt-lake/3/1/2022
814,https://utahavalanchecenter.org/forecast/salt-lake/2/28/2022
815,https://utahavalanchecenter.org/forecast/salt-lake/2/27/2022
816,https://utahavalanchecenter.org/forecast/salt-lake/2/26/2022
817,https://utahavalanchecenter.org/forecast/salt-lake/2/25/2022
818,https://utahavalanchecenter.org/forecast/salt-lake/2/24/2022
819,https://utahavalanchecenter.org/forecast/salt-lake/2/23/2022-0
820,https://utahavalanchecenter.org/forecast/salt-lake/2/22/2022
821,https://utahavalanchecenter.org/forecast/salt-lake/2/21/2022
822,https://utahavalanchecenter.org/forecast/salt-lake/2/20/2022
823,https://utahavalanchecenter.org/forecast/salt-lake/2/19/2022
941,https://utahavalanchecenter.org/forecast/salt-lake/2/18/2022
942,https://utahavalanchecenter.org/forecast/salt-lake/2/17/2022
943,https://utahavalanchecenter.org/forecast/salt-lake/2/16/2022
944,https://utahavalanchecenter.org/forecast/salt-lake/2/15/2022
945,https://utahavalanchecenter.org/forecast/salt-lake/2/14/2022
946,https://utahavalanchecenter.org/forecast/salt-lake/2/13/2022
947,https://utahavalanchecenter.org/forecast/salt-lake/2/12/2022
948,https://utahavalanchecenter.org/forecast/salt-lake/2/11/2022
949,https://utahavalanchecenter.org/forecast/salt-lake/2/10/2022
950,https://utahavalanchecenter.org/forecast/salt-lake/2/9/2022
951,https://utahavalanchecenter.org/forecast/salt-lake/2/8/2022
952,https://utahavalanchecenter.org/forecast/salt-lake/2/7/2022
953,https://utahavalanchecenter.org/forecast/salt-lake/2/6/2022
954,https://utahavalanchecenter.org/forecast/salt-lake/2/5/2022
955,https://utahavalanchecenter.org/forecast/salt-lake/2/4/2022
956,https://utahavalanchecenter.org/forecast/salt-lake/2/3/2022
957,https://utahavalanchecenter.org/forecast/salt-lake/2/2/2022
958,https://utahavalanchecenter.org/forecast/salt-lake/2/1/2022
959,https://utahavalanchecenter.org/forecast/salt-lake/1/31/2022
960,https://utahavalanchecenter.org/forecast/salt-lake/1/30/2022
961,https://utahavalanchecenter.org/forecast/salt-lake/1/29/2022
962,https://utahavalanchecenter.org/forecast/salt-lake/1/28/2022
963,https://utahavalanchecenter.org/forecast/salt-lake/1/27/2022
964,https://utahavalanchecenter.org/forecast/salt-lake/1/26/2022
965,https://utahavalanchecenter.org/forecast/salt-lake/1/25/2022
966,https://utahavalanchecenter.org/forecast/salt-lake/1/24/2022
967,https://utahavalanchecenter.org/forecast/salt-lake/1/23/2022
968,https://utahavalanchecenter.org/forecast/salt-lake/1/22/2022
969,https://utahavalanchecenter.org/forecast/salt-lake/1/21/2022-0
970,https://utahavalanchecenter.org/forecast/salt-lake/1/20/2022
971,https://utahavalanchecenter.org/forecast/salt-lake/1/19/2022
972,https://utahavalanchecenter.org/forecast/salt-lake/1/18/2022
973,https://utahavalanchecenter.org/forecast/salt-lake/1/17/2022
974,https://utahavalanchecenter.org/forecast/salt-lake/1/16/2022
975,https://utahavalanchecenter.org/forecast/salt-lake/1/15/2022
976,https://utahavalanchecenter.org/forecast/salt-lake/1/14/2022
977,https://utahavalanchecenter.org/forecast/salt-lake/1/13/2022
978,https://utahavalanchecenter.org/forecast/salt-lake/1/12/2022
979,https://utahavalanchecenter.org/forecast/salt-lake/1/11/2022
980,https://utahavalanchecenter.org/forecast/salt-lake/1/10/2022
981,https://utahavalanchecenter.org/forecast/salt-lake/1/9/2022
982,https://utahavalanchecenter.org/forecast/salt-lake/1/8/2022
983,https://utahavalanchecenter.org/forecast/salt-lake/1/7/2022
984,https://utahavalanchecenter.org/forecast/salt-lake/1/6/2022
985,https://utahavalanchecenter.org/forecast/salt-lake/1/5/2022
986,https://utahavalanchecenter.org/forecast/salt-lake/1/4/2022
987,https://utahavalanchecenter.org/forecast/salt-lake/1/3/2022
988,https://utahavalanchecenter.org/forecast/salt-lake/1/2/2022
989,https://utahavalanchecenter.org/forecast/salt-lake/1/1/2022
990,https://utahavalanchecenter.org/forecast/salt-lake/12/31/2021
1108,https://utahavalanchecenter.org/forecast/salt-lake/12/30/2021
1109,https://utahavalanchecenter.org/forecast/salt-lake/12/29/2021
1110,https://utahavalanchecenter.org/forecast/salt-lake/12/28/2021
1111,https://utahavalanchecenter.org/forecast/salt-lake/12/27/2021
1112,https://utahavalanchecenter.org/forecast/salt-lake/12/26/2021
1113,https://utahavalanchecenter.org/forecast/salt-lake/12/25/2021
1114,https://utahavalanchecenter.org/forecast/salt-lake/12/24/2021
1115,https://utahavalanchecenter.org/forecast/salt-lake/12/23/2021
1116,https://utahavalanchecenter.org/forecast/salt-lake/12/22/2021
1117,https://utahavalanchecenter.org/forecast/salt-lake/12/21/2021
1118,https://utahavalanchecenter.org/forecast/salt-lake/12/20/2021
1119,https://utahavalanchecenter.org/forecast/salt-lake/12/19/2021
1120,https://utahavalanchecenter.org/forecast/salt-lake/12/18/2021
1121,https://utahavalanchecenter.org/forecast/salt-lake/12/17/2021
1122,https://utahavalanchecenter.org/forecast/salt-lake/12/16/2021
1123,https://utahavalanchecenter.org/forecast/salt-lake/12/15/2021
1124,https://utahavalanchecenter.org/forecast/salt-lake/12/14/2021
1125,https://utahavalanchecenter.org/forecast/salt-lake/12/13/2021
1126,https://utahavalanchecenter.org/forecast/salt-lake/12/12/2021
1127,https://utahavalanchecenter.org/forecast/salt-lake/12/11/2021
1128,https://utahavalanchecenter.org/forecast/salt-lake/12/10/2021
1129,https://utahavalanchecenter.org/forecast/salt-lake/12/9/2021
1130,https://utahavalanchecenter.org/forecast/salt-lake/12/8/2021
1131,https://utahavalanchecenter.org/forecast/salt-lake/12/7/2021
1132,https://utahavalanchecenter.org/forecast/salt-lake/12/6/2021
1133,https://utahavalanchecenter.org/forecast/salt-lake/12/3/2021
1134,https://utahavalanchecenter.org/forecast/salt-lake/11/20/2021
1135,https://utahavalanchecenter.org/forecast/salt-lake/11/19/2021
1136,https://utahavalanchecenter.org/forecast/salt-lake/11/12/2021
1137,https://utahavalanchecenter.org/forecast/salt-lake/11/10/2021
1138,https://utahavalanchecenter.org/forecast/salt-lake/11/9/2021
1139,https://utahavalanchecenter.org/forecast/salt-lake/11/3/2021
1140,https://utahavalanchecenter.org/forecast/salt-lake/10/29/2021
1141,https://utahavalanchecenter.org/forecast/salt-lake/10/27/2021
1142,https://utahavalanchecenter.org/forecast/salt-lake/10/25/2021
1143,https://utahavalanchecenter.org/forecast/salt-lake/10/22/2021
1144,https://utahavalanchecenter.org/forecast/salt-lake/10/19/2021
1145,https://utahavalanchecenter.org/forecast/salt-lake/10/13/2021
1146,https://utahavalanchecenter.org/forecast/salt-lake/4/27/2021-0
1147,https://utahavalanchecenter.org/forecast/salt-lake/4/27/2021
1148,https://utahavalanchecenter.org/forecast/salt-lake/4/26/2021
1149,https://utahavalanchecenter.org/forecast/salt-lake/4/20/2021
1150,https://utahavalanchecenter.org/forecast/salt-lake/4/19/2021
1151,https://utahavalanchecenter.org/forecast/salt-lake/4/18/2021
1152,https://utahavalanchecenter.org/forecast/salt-lake/4/17/2021
1153,https://utahavalanchecenter.org/forecast/salt-lake/4/16/2021
1154,https://utahavalanchecenter.org/forecast/salt-lake/4/15/2021
1155,https://utahavalanchecenter.org/forecast/salt-lake/4/14/2021
1156,https://utahavalanchecenter.org/forecast/salt-lake/4/13/2021
1157,https://utahavalanchecenter.org/forecast/salt-lake/4/12/2021
1275,https://utahavalanchecenter.org/forecast/salt-lake/4/11/2021
1276,https://utahavalanchecenter.org/forecast/salt-lake/4/10/2021
1277,https://utahavalanchecenter.org/forecast/salt-lake/4/9/2021
1278,https://utahavalanchecenter.org/forecast/salt-lake/4/8/2021
1279,https://utahavalanchecenter.org/forecast/salt-lake/4/7/2021
1280,https://utahavalanchecenter.org/forecast/salt-lake/4/6/2021
1281,https://utahavalanchecenter.org/forecast/salt-lake/4/5/2021
1282,https://utahavalanchecenter.org/forecast/salt-lake/4/4/2021
1283,https://utahavalanchecenter.org/forecast/salt-lake/4/3/2021
1284,https://utahavalanchecenter.org/forecast/salt-lake/4/2/2021
1285,https://utahavalanchecenter.org/forecast/salt-lake/4/1/2021
1286,https://utahavalanchecenter.org/forecast/salt-lake/3/31/2021
1287,https://utahavalanchecenter.org/forecast/salt-lake/3/30/2021
1288,https://utahavalanchecenter.org/forecast/salt-lake/3/29/2021
1289,https://utahavalanchecenter.org/forecast/salt-lake/3/28/2021
1290,https://utahavalanchecenter.org/forecast/salt-lake/3/27/2021
1291,https://utahavalanchecenter.org/forecast/salt-lake/3/26/2021
1292,https://utahavalanchecenter.org/forecast/salt-lake/3/25/2021
1293,https://utahavalanchecenter.org/forecast/salt-lake/3/24/2021
1294,https://utahavalanchecenter.org/forecast/salt-lake/3/23/2021
1295,https://utahavalanchecenter.org/forecast/salt-lake/3/22/2021
1296,https://utahavalanchecenter.org/forecast/salt-lake/3/21/2021
1297,https://utahavalanchecenter.org/forecast/salt-lake/3/20/2021
1298,https://utahavalanchecenter.org/forecast/salt-lake/3/19/2021
1299,https://utahavalanchecenter.org/forecast/salt-lake/3/18/2021
1300,https://utahavalanchecenter.org/forecast/salt-lake/3/17/2021
1301,https://utahavalanchecenter.org/forecast/salt-lake/3/16/2021
1302,https://utahavalanchecenter.org/forecast/salt-lake/3/15/2021
1303,https://utahavalanchecenter.org/forecast/salt-lake/3/14/2021
1304,https://utahavalanchecenter.org/forecast/salt-lake/3/13/2021
1305,https://utahavalanchecenter.org/forecast/salt-lake/3/12/2021
1306,https://utahavalanchecenter.org/forecast/salt-lake/3/11/2021
1307,https://utahavalanchecenter.org/forecast/salt-lake/3/10/2021
1308,https://utahavalanchecenter.org/forecast/salt-lake/3/9/2021
1309,https://utahavalanchecenter.org/forecast/salt-lake/3/8/2021
1310,https://utahavalanchecenter.org/forecast/salt-lake/3/7/2021
1311,https://utahavalanchecenter.org/forecast/salt-lake/3/6/2021
1312,https://utahavalanchecenter.org/forecast/salt-lake/3/5/2021
1313,https://utahavalanchecenter.org/forecast/salt-lake/3/4/2021
1314,https://utahavalanchecenter.org/forecast/salt-lake/3/3/2021
1315,https://utahavalanchecenter.org/forecast/salt-lake/3/2/2021
1316,https://utahavalanchecenter.org/forecast/salt-lake/3/1/2021
1317,https://utahavalanchecenter.org/forecast/salt-lake/2/28/2021
1318,https://utahavalanchecenter.org/forecast/salt-lake/2/27/2021-0
1319,https://utahavalanchecenter.org/forecast/salt-lake/2/26/2021
1320,https://utahavalanchecenter.org/forecast/salt-lake/2/25/2021
1321,https://utahavalanchecenter.org/forecast/salt-lake/2/24/2021
1322,https://utahavalanchecenter.org/forecast/salt-lake/2/23/2021
1323,https://utahavalanchecenter.org/forecast/salt-lake/2/22/2021
1324,https://utahavalanchecenter.org/forecast/salt-lake/2/21/2021
1442,https://utahavalanchecenter.org/forecast/salt-lake/2/20/2021
1443,https://utahavalanchecenter.org/forecast/salt-lake/2/19/2021
1444,https://utahavalanchecenter.org/forecast/salt-lake/2/18/2021
1445,https://utahavalanchecenter.org/forecast/salt-lake/2/17/2021
1446,https://utahavalanchecenter.org/forecast/salt-lake/2/16/2021
1447,https://utahavalanchecenter.org/forecast/salt-lake/2/15/2021
1448,https://utahavalanchecenter.org/forecast/salt-lake/2/14/2021
1449,https://utahavalanchecenter.org/forecast/salt-lake/2/13/2021
1450,https://utahavalanchecenter.org/forecast/salt-lake/2/12/2021
1451,https://utahavalanchecenter.org/forecast/salt-lake/2/11/2021
1452,https://utahavalanchecenter.org/forecast/salt-lake/2/10/2021
1453,https://utahavalanchecenter.org/forecast/salt-lake/2/9/2021
1454,https://utahavalanchecenter.org/forecast/salt-lake/2/8/2021
1455,https://utahavalanchecenter.org/forecast/salt-lake/2/7/2021
1456,https://utahavalanchecenter.org/forecast/salt-lake/2/6/2021
1457,https://utahavalanchecenter.org/forecast/salt-lake/2/5/2021
1458,https://utahavalanchecenter.org/forecast/salt-lake/2/4/2021
1459,https://utahavalanchecenter.org/forecast/salt-lake/2/3/2021
1460,https://utahavalanchecenter.org/forecast/salt-lake/2/2/2021
1461,https://utahavalanchecenter.org/forecast/salt-lake/2/1/2021
1462,https://utahavalanchecenter.org/forecast/salt-lake/1/31/2021
1463,https://utahavalanchecenter.org/forecast/salt-lake/1/30/2021
1464,https://utahavalanchecenter.org/forecast/salt-lake/1/29/2021
1465,https://utahavalanchecenter.org/forecast/salt-lake/1/28/2021
1466,https://utahavalanchecenter.org/forecast/salt-lake/1/27/2021
1467,https://utahavalanchecenter.org/forecast/salt-lake/1/26/2021
1468,https://utahavalanchecenter.org/forecast/salt-lake/1/25/2021
1469,https://utahavalanchecenter.org/forecast/salt-lake/1/24/2021
1470,https://utahavalanchecenter.org/forecast/salt-lake/1/23/2021
1471,https://utahavalanchecenter.org/forecast/salt-lake/1/22/2021
1472,https://utahavalanchecenter.org/forecast/salt-lake/1/21/2021
1473,https://utahavalanchecenter.org/forecast/salt-lake/1/20/2021
1474,https://utahavalanchecenter.org/forecast/salt-lake/1/19/2021
1475,https://utahavalanchecenter.org/forecast/salt-lake/1/18/2021
1476,https://utahavalanchecenter.org/forecast/salt-lake/1/17/2021
1477,https://utahavalanchecenter.org/forecast/salt-lake/1/16/2021
1478,https://utahavalanchecenter.org/forecast/salt-lake/1/15/2021
1479,https://utahavalanchecenter.org/forecast/salt-lake/1/14/2021
1480,https://utahavalanchecenter.org/forecast/salt-lake/1/13/2021
1481,https://utahavalanchecenter.org/forecast/salt-lake/1/12/2021
1482,https://utahavalanchecenter.org/forecast/salt-lake/1/11/2021
1483,https://utahavalanchecenter.org/forecast/salt-lake/1/10/2021
1484,https://utahavalanchecenter.org/forecast/salt-lake/1/9/2021
1485,https://utahavalanchecenter.org/forecast/salt-lake/1/8/2021
1486,https://utahavalanchecenter.org/forecast/salt-lake/1/7/2021
1487,https://utahavalanchecenter.org/forecast/salt-lake/1/6/2021
1488,https://utahavalanchecenter.org/forecast/salt-lake/1/5/2021
1489,https://utahavalanchecenter.org/forecast/salt-lake/1/4/2021
1490,https://utahavalanchecenter.org/forecast/salt-lake/1/3/2021
1491,https://utahavalanchecenter.org/forecast/salt-lake/1/2/2021
1609,https://utahavalanchecenter.org/forecast/salt-lake/1/1/2021
1610,https://utahavalanchecenter.org/forecast/salt-lake/12/31/2020
1611,https://utahavalanchecenter.org/forecast/salt-lake/12/30/2020
1612,https://utahavalanchecenter.org/forecast/salt-lake/12/29/2020
1613,https://utahavalanchecenter.org/forecast/salt-lake/12/28/2020
1614,https://utahavalanchecenter.org/forecast/salt-lake/12/27/2020
1615,https://utahavalanchecenter.org/forecast/salt-lake/12/26/2020
1616,https://utahavalanchecenter.org/forecast/salt-lake/12/25/2020
1617,https://utahavalanchecenter.org/forecast/salt-lake/12/24/2020
1618,https://utahavalanchecenter.org/forecast/salt-lake/12/23/2020
1619,https://utahavalanchecenter.org/forecast/salt-lake/12/22/2020
1620,https://utahavalanchecenter.org/forecast/salt-lake/12/21/2020
1621,https://utahavalanchecenter.org/forecast/salt-lake/12/20/2020
1622,https://utahavalanchecenter.org/forecast/salt-lake/12/19/2020
1623,https://utahavalanchecenter.org/forecast/salt-lake/12/18/2020
1624,https://utahavalanchecenter.org/forecast/salt-lake/12/17/2020
1625,https://utahavalanchecenter.org/forecast/salt-lake/12/16/2020
1626,https://utahavalanchecenter.org/forecast/salt-lake/12/15/2020
1627,https://utahavalanchecenter.org/forecast/salt-lake/12/14/2020
1628,https://utahavalanchecenter.org/forecast/salt-lake/12/13/2020
1629,https://utahavalanchecenter.org/forecast/salt-lake/12/12/2020
1630,https://utahavalanchecenter.org/forecast/salt-lake/12/11/2020
1631,https://utahavalanchecenter.org/forecast/salt-lake/12/10/2020
1632,https://utahavalanchecenter.org/forecast/salt-lake/12/9/2020
1633,https://utahavalanchecenter.org/forecast/salt-lake/12/8/2020
1634,https://utahavalanchecenter.org/forecast/salt-lake/12/7/2020
1635,https://utahavalanchecenter.org/forecast/salt-lake/12/6/2020
1636,https://utahavalanchecenter.org/forecast/salt-lake/12/5/2020
1637,https://utahavalanchecenter.org/forecast/salt-lake/12/4/2020
1638,https://utahavalanchecenter.org/forecast/salt-lake/12/3/2020
1639,https://utahavalanchecenter.org/forecast/salt-lake/12/2/2020
1640,https://utahavalanchecenter.org/forecast/salt-lake/12/1/2020
1641,https://utahavalanchecenter.org/forecast/salt-lake/11/30/2020
1642,https://utahavalanchecenter.org/forecast/salt-lake/11/29/2020
1643,https://utahavalanchecenter.org/forecast/salt-lake/11/28/2020
1644,https://utahavalanchecenter.org/forecast/salt-lake/11/27/2020
1645,https://utahavalanchecenter.org/forecast/salt-lake/11/26/2020
1646,https://utahavalanchecenter.org/forecast/salt-lake/11/25/2020
1647,https://utahavalanchecenter.org/forecast/salt-lake/11/24/2020
1648,https://utahavalanchecenter.org/forecast/salt-lake/11/23/2020
1649,https://utahavalanchecenter.org/forecast/salt-lake/11/22/2020
1650,https://utahavalanchecenter.org/forecast/salt-lake/11/21/2020
1651,https://utahavalanchecenter.org/forecast/salt-lake/11/20/2020
1652,https://utahavalanchecenter.org/forecast/salt-lake/11/19/2020
1653,https://utahavalanchecenter.org/forecast/salt-lake/11/18/2020
1654,https://utahavalanchecenter.org/forecast/salt-lake/11/17/2020
1655,https://utahavalanchecenter.org/forecast/salt-lake/11/16/2020
1656,https://utahavalanchecenter.org/forecast/salt-lake/11/15/2020
1657,https://utahavalanchecenter.org/forecast/salt-lake/11/14/2020
1658,https://utahavalanchecenter.org/forecast/salt-lake/11/13/2020
1776,https://utahavalanchecenter.org/forecast/salt-lake/11/12/2020
1777,https://utahavalanchecenter.org/forecast/salt-lake/11/11/2020
1778,https://utahavalanchecenter.org/forecast/salt-lake/11/10/2020
1779,https://utahavalanchecenter.org/forecast/salt-lake/11/9/2020
1780,https://utahavalanchecenter.org/forecast/salt-lake/11/7/2020
1781,https://utahavalanchecenter.org/forecast/salt-lake/10/29/2020
1782,https://utahavalanchecenter.org/forecast/salt-lake/4/28/2020
1783,https://utahavalanchecenter.org/forecast/salt-lake/4/23/2020-0
1784,https://utahavalanchecenter.org/forecast/salt-lake/4/23/2020
1785,https://utahavalanchecenter.org/forecast/salt-lake/4/20/2020
1786,https://utahavalanchecenter.org/forecast/salt-lake/4/19/2020
1787,https://utahavalanchecenter.org/forecast/salt-lake/4/18/2020
1788,https://utahavalanchecenter.org/forecast/salt-lake/4/17/2020
1789,https://utahavalanchecenter.org/forecast/salt-lake/4/16/2020
1790,https://utahavalanchecenter.org/forecast/salt-lake/4/15/2020
1791,https://utahavalanchecenter.org/forecast/salt-lake/4/14/2020
1792,https://utahavalanchecenter.org/forecast/salt-lake/4/13/2020
1793,https://utahavalanchecenter.org/forecast/salt-lake/4/12/2020
1794,https://utahavalanchecenter.org/forecast/salt-lake/4/11/2020
1795,https://utahavalanchecenter.org/forecast/salt-lake/4/10/2020
1796,https://utahavalanchecenter.org/forecast/salt-lake/4/9/2020
1797,https://utahavalanchecenter.org/forecast/salt-lake/4/8/2020
1798,https://utahavalanchecenter.org/forecast/salt-lake/4/7/2020
1799,https://utahavalanchecenter.org/forecast/salt-lake/4/6/2020
1800,https://utahavalanchecenter.org/forecast/salt-lake/4/5/2020
1801,https://utahavalanchecenter.org/forecast/salt-lake/4/4/2020
1802,https://utahavalanchecenter.org/forecast/salt-lake/4/3/2020
1803,https://utahavalanchecenter.org/forecast/salt-lake/4/2/2020
1804,https://utahavalanchecenter.org/forecast/salt-lake/4/1/2020
1805,https://utahavalanchecenter.org/forecast/salt-lake/3/31/2020
1806,https://utahavalanchecenter.org/forecast/salt-lake/3/30/2020
1807,https://utahavalanchecenter.org/forecast/salt-lake/3/29/2020
1808,https://utahavalanchecenter.org/forecast/salt-lake/3/28/2020
1809,https://utahavalanchecenter.org/forecast/salt-lake/3/27/2020
1810,https://utahavalanchecenter.org/forecast/salt-lake/3/26/2020
1811,https://utahavalanchecenter.org/forecast/salt-lake/3/25/2020
1812,https://utahavalanchecenter.org/forecast/salt-lake/3/24/2020
1813,https://utahavalanchecenter.org/forecast/salt-lake/3/23/2020
1814,https://utahavalanchecenter.org/forecast/salt-lake/3/22/2020
1815,https://utahavalanchecenter.org/forecast/salt-lake/3/21/2020
1816,https://utahavalanchecenter.org/forecast/salt-lake/3/20/2020
1817,https://utahavalanchecenter.org/forecast/salt-lake/3/19/2020
1818,https://utahavalanchecenter.org/forecast/salt-lake/3/18/2020
1819,https://utahavalanchecenter.org/forecast/salt-lake/3/17/2020
1820,https://utahavalanchecenter.org/forecast/salt-lake/3/16/2020
1821,https://utahavalanchecenter.org/forecast/salt-lake/3/15/2020
1822,https://utahavalanchecenter.org/forecast/salt-lake/3/14/2020
1823,https://utahavalanchecenter.org/forecast/salt-lake/3/13/2020
1824,https://utahavalanchecenter.org/forecast/salt-lake/3/12/2020
1825,https://utahavalanchecenter.org/forecast/salt-lake/3/11/2020
1943,https://utahavalanchecenter.org/forecast/salt-lake/3/10/2020
1944,https://utahavalanchecenter.org/forecast/salt-lake/3/9/2020
1945,https://utahavalanchecenter.org/forecast/salt-lake/3/8/2020
1946,https://utahavalanchecenter.org/forecast/salt-lake/3/7/2020
1947,https://utahavalanchecenter.org/forecast/salt-lake/3/6/2020
1948,https://utahavalanchecenter.org/forecast/salt-lake/3/5/2020
1949,https://utahavalanchecenter.org/forecast/salt-lake/3/4/2020
1950,https://utahavalanchecenter.org/forecast/salt-lake/3/3/2020
1951,https://utahavalanchecenter.org/forecast/salt-lake/3/2/2020
1952,https://utahavalanchecenter.org/forecast/salt-lake/3/1/2020
1953,https://utahavalanchecenter.org/forecast/salt-lake/2/29/2020
1954,https://utahavalanchecenter.org/forecast/salt-lake/2/28/2020
1955,https://utahavalanchecenter.org/forecast/salt-lake/2/27/2020
1956,https://utahavalanchecenter.org/forecast/salt-lake/2/26/2020
1957,https://utahavalanchecenter.org/forecast/salt-lake/2/25/2020
1958,https://utahavalanchecenter.org/forecast/salt-lake/2/24/2020
1959,https://utahavalanchecenter.org/forecast/salt-lake/2/23/2020
1960,https://utahavalanchecenter.org/forecast/salt-lake/2/22/2020
1961,https://utahavalanchecenter.org/forecast/salt-lake/2/21/2020
1962,https://utahavalanchecenter.org/forecast/salt-lake/2/20/2020
1963,https://utahavalanchecenter.org/forecast/salt-lake/2/19/2020
1964,https://utahavalanchecenter.org/forecast/salt-lake/2/18/2020
1965,https://utahavalanchecenter.org/forecast/salt-lake/2/17/2020
1966,https://utahavalanchecenter.org/forecast/salt-lake/2/16/2020
1967,https://utahavalanchecenter.org/forecast/salt-lake/2/15/2020
1968,https://utahavalanchecenter.org/forecast/salt-lake/2/14/2020
1969,https://utahavalanchecenter.org/forecast/salt-lake/2/13/2020
1970,https://utahavalanchecenter.org/forecast/salt-lake/2/12/2020
1971,https://utahavalanchecenter.org/forecast/salt-lake/2/11/2020
1972,https://utahavalanchecenter.org/forecast/salt-lake/2/10/2020
1973,https://utahavalanchecenter.org/forecast/salt-lake/2/9/2020
1974,https://utahavalanchecenter.org/forecast/salt-lake/2/8/2020
1975,https://utahavalanchecenter.org/forecast/salt-lake/2/7/2020
1976,https://utahavalanchecenter.org/forecast/salt-lake/2/6/2020
1977,https://utahavalanchecenter.org/forecast/salt-lake/2/5/2020
1978,https://utahavalanchecenter.org/forecast/salt-lake/2/4/2020
1979,https://utahavalanchecenter.org/forecast/salt-lake/2/3/2020
1980,https://utahavalanchecenter.org/forecast/salt-lake/2/2/2020
1981,https://utahavalanchecenter.org/forecast/salt-lake/2/1/2020
1982,https://utahavalanchecenter.org/forecast/salt-lake/1/31/2020
1983,https://utahavalanchecenter.org/forecast/salt-lake/1/30/2020
1984,https://utahavalanchecenter.org/forecast/salt-lake/1/29/2020
1985,https://utahavalanchecenter.org/forecast/salt-lake/1/28/2020
1986,https://utahavalanchecenter.org/forecast/salt-lake/1/27/2020
1987,https://utahavalanchecenter.org/forecast/salt-lake/1/26/2020
1988,https://utahavalanchecenter.org/forecast/salt-lake/1/25/2020
1989,https://utahavalanchecenter.org/forecast/salt-lake/1/24/2020
1990,https://utahavalanchecenter.org/forecast/salt-lake/1/23/2020
1991,https://utahavalanchecenter.org/forecast/salt-lake/1/22/2020
1992,https://utahavalanchecenter.org/forecast/salt-lake/1/21/2020
2110,https://utahavalanchecenter.org/forecast/salt-lake/1/20/2020
2111,https://utahavalanchecenter.org/forecast/salt-lake/1/19/2020
2112,https://utahavalanchecenter.org/forecast/salt-lake/1/18/2020
2113,https://utahavalanchecenter.org/forecast/salt-lake/1/17/2020
2114,https://utahavalanchecenter.org/forecast/salt-lake/1/16/2020
2115,https://utahavalanchecenter.org/forecast/salt-lake/1/15/2020
2116,https://utahavalanchecenter.org/forecast/salt-lake/1/14/2020
2117,https://utahavalanchecenter.org/forecast/salt-lake/1/13/2020
2118,https://utahavalanchecenter.org/forecast/salt-lake/1/12/2020
2119,https://utahavalanchecenter.org/forecast/salt-lake/1/11/2020
2120,https://utahavalanchecenter.org/forecast/salt-lake/1/10/2020
2121,https://utahavalanchecenter.org/forecast/salt-lake/1/9/2020
2122,https://utahavalanchecenter.org/forecast/salt-lake/1/8/2020
2123,https://utahavalanchecenter.org/forecast/salt-lake/1/7/2020
2124,https://utahavalanchecenter.org/forecast/salt-lake/1/6/2020
2125,https://utahavalanchecenter.org/forecast/salt-lake/1/5/2020
2126,https://utahavalanchecenter.org/forecast/salt-lake/1/4/2020
2127,https://utahavalanchecenter.org/forecast/salt-lake/1/3/2020
2128,https://utahavalanchecenter.org/forecast/salt-lake/1/2/2020
2129,https://utahavalanchecenter.org/forecast/salt-lake/1/1/2020
2130,https://utahavalanchecenter.org/forecast/salt-lake/12/31/2019
2131,https://utahavalanchecenter.org/forecast/salt-lake/12/30/2019
2132,https://utahavalanchecenter.org/forecast/salt-lake/12/29/2019
2133,https://utahavalanchecenter.org/forecast/salt-lake/12/28/2019
2134,https://utahavalanchecenter.org/forecast/salt-lake/12/27/2019
2135,https://utahavalanchecenter.org/forecast/salt-lake/12/26/2019
2136,https://utahavalanchecenter.org/forecast/salt-lake/12/25/2019
2137,https://utahavalanchecenter.org/forecast/salt-lake/12/24/2019
2138,https://utahavalanchecenter.org/forecast/salt-lake/12/23/2019
2139,https://utahavalanchecenter.org/forecast/salt-lake/12/22/2019
2140,https://utahavalanchecenter.org/forecast/salt-lake/12/21/2019
2141,https://utahavalanchecenter.org/forecast/salt-lake/12/20/2019
2142,https://utahavalanchecenter.org/forecast/salt-lake/12/19/2019
2143,https://utahavalanchecenter.org/forecast/salt-lake/12/18/2019
2144,https://utahavalanchecenter.org/forecast/salt-lake/12/17/2019
2145,https://utahavalanchecenter.org/forecast/salt-lake/12/16/2019
2146,https://utahavalanchecenter.org/forecast/salt-lake/12/15/2019
2147,https://utahavalanchecenter.org/forecast/salt-lake/12/14/2019
2148,https://utahavalanchecenter.org/forecast/salt-lake/12/13/2019
2149,https://utahavalanchecenter.org/forecast/salt-lake/12/12/2019
2150,https://utahavalanchecenter.org/forecast/salt-lake/12/11/2019
2151,https://utahavalanchecenter.org/forecast/salt-lake/12/10/2019
2152,https://utahavalanchecenter.org/forecast/salt-lake/12/9/2019
2153,https://utahavalanchecenter.org/forecast/salt-lake/12/8/2019
2154,https://utahavalanchecenter.org/forecast/salt-lake/12/7/2019
2155,https://utahavalanchecenter.org/forecast/salt-lake/12/6/2019
2156,https://utahavalanchecenter.org/forecast/salt-lake/12/5/2019
2157,https://utahavalanchecenter.org/forecast/salt-lake/12/4/2019
2158,https://utahavalanchecenter.org/forecast/salt-lake/12/3/2019
2159,https://utahavalanchecenter.org/forecast/salt-lake/12/2/2019
2277,https://utahavalanchecenter.org/forecast/salt-lake/12/1/2019
2278,https://utahavalanchecenter.org/forecast/salt-lake/11/30/2019
2279,https://utahavalanchecenter.org/forecast/salt-lake/11/29/2019
2280,https://utahavalanchecenter.org/forecast/salt-lake/11/28/2019
2281,https://utahavalanchecenter.org/forecast/salt-lake/11/27/2019
2282,https://utahavalanchecenter.org/forecast/salt-lake/11/26/2019
2283,https://utahavalanchecenter.org/forecast/salt-lake/11/25/2019
2284,https://utahavalanchecenter.org/forecast/salt-lake/11/24/2019
2285,https://utahavalanchecenter.org/forecast/salt-lake/11/22/2019
2286,https://utahavalanchecenter.org/forecast/salt-lake/11/21/2019
2287,https://utahavalanchecenter.org/forecast/salt-lake/11/20/2019
2288,https://utahavalanchecenter.org/forecast/salt-lake/11/15/2019
2289,https://utahavalanchecenter.org/forecast/salt-lake/11/12/2019
2290,https://utahavalanchecenter.org/forecast/salt-lake/10/30/2019
2291,https://utahavalanchecenter.org/forecast/salt-lake/10/28/2019
2292,https://utahavalanchecenter.org/forecast/salt-lake/10/25/2019
2293,https://utahavalanchecenter.org/forecast/salt-lake/10/20/2019
2294,https://utahavalanchecenter.org/forecast/salt-lake/9/27/2019
2295,https://utahavalanchecenter.org/forecast/salt-lake/5/1/2019
2296,https://utahavalanchecenter.org/forecast/salt-lake/4/30/2019
2297,https://utahavalanchecenter.org/forecast/salt-lake/4/21/2019-0
2298,https://utahavalanchecenter.org/forecast/salt-lake/4/21/2019
2299,https://utahavalanchecenter.org/forecast/salt-lake/4/20/2019
2300,https://utahavalanchecenter.org/forecast/salt-lake/4/19/2019
2301,https://utahavalanchecenter.org/forecast/salt-lake/4/18/2019
2302,https://utahavalanchecenter.org/forecast/salt-lake/4/17/2019
2303,https://utahavalanchecenter.org/forecast/salt-lake/4/16/2019
2304,https://utahavalanchecenter.org/forecast/salt-lake/4/15/2019
2305,https://utahavalanchecenter.org/forecast/salt-lake/4/14/2019
2306,https://utahavalanchecenter.org/forecast/salt-lake/4/13/2019
2307,https://utahavalanchecenter.org/forecast/salt-lake/4/12/2019
2308,https://utahavalanchecenter.org/forecast/salt-lake/4/11/2019
2309,https://utahavalanchecenter.org/forecast/salt-lake/4/10/2019
2310,https://utahavalanchecenter.org/forecast/salt-lake/4/9/2019
2311,https://utahavalanchecenter.org/forecast/salt-lake/4/8/2019
2312,https://utahavalanchecenter.org/forecast/salt-lake/4/7/2019
2313,https://utahavalanchecenter.org/forecast/salt-lake/4/6/2019
2314,https://utahavalanchecenter.org/forecast/salt-lake/4/5/2019
2315,https://utahavalanchecenter.org/forecast/salt-lake/4/4/2019
2316,https://utahavalanchecenter.org/forecast/salt-lake/4/3/2019
2317,https://utahavalanchecenter.org/forecast/salt-lake/4/2/2019
2318,https://utahavalanchecenter.org/forecast/salt-lake/4/1/2019
2319,https://utahavalanchecenter.org/forecast/salt-lake/3/31/2019
2320,https://utahavalanchecenter.org/forecast/salt-lake/3/30/2019
2321,https://utahavalanchecenter.org/forecast/salt-lake/3/29/2019
2322,https://utahavalanchecenter.org/forecast/salt-lake/3/28/2019
2323,https://utahavalanchecenter.org/forecast/salt-lake/3/27/2019
2324,https://utahavalanchecenter.org/forecast/salt-lake/3/26/2019
2325,https://utahavalanchecenter.org/forecast/salt-lake/3/25/2019
2326,https://utahavalanchecenter.org/forecast/salt-lake/3/24/2019
2444,https://utahavalanchecenter.org/forecast/salt-lake/3/23/2019
2445,https://utahavalanchecenter.org/forecast/salt-lake/3/22/2019
2446,https://utahavalanchecenter.org/forecast/salt-lake/3/21/2019
2447,https://utahavalanchecenter.org/forecast/salt-lake/3/20/2019
2448,https://utahavalanchecenter.org/forecast/salt-lake/3/19/2019
2449,https://utahavalanchecenter.org/forecast/salt-lake/3/18/2019
2450,https://utahavalanchecenter.org/forecast/salt-lake/3/17/2019
2451,https://utahavalanchecenter.org/forecast/salt-lake/3/16/2019
2452,https://utahavalanchecenter.org/forecast/salt-lake/3/15/2019
2453,https://utahavalanchecenter.org/forecast/salt-lake/3/14/2019
2454,https://utahavalanchecenter.org/forecast/salt-lake/3/13/2019
2455,https://utahavalanchecenter.org/forecast/salt-lake/3/12/2019
2456,https://utahavalanchecenter.org/forecast/salt-lake/3/11/2019
2457,https://utahavalanchecenter.org/forecast/salt-lake/3/10/2019
2458,https://utahavalanchecenter.org/forecast/salt-lake/3/9/2019
2459,https://utahavalanchecenter.org/forecast/salt-lake/3/8/2019
2460,https://utahavalanchecenter.org/forecast/salt-lake/3/7/2019
2461,https://utahavalanchecenter.org/forecast/salt-lake/3/6/2019
2462,https://utahavalanchecenter.org/forecast/salt-lake/3/5/2019
2463,https://utahavalanchecenter.org/forecast/salt-lake/3/4/2019
2464,https://utahavalanchecenter.org/forecast/salt-lake/3/3/2019
2465,https://utahavalanchecenter.org/forecast/salt-lake/3/2/2019
2466,https://utahavalanchecenter.org/forecast/salt-lake/3/1/2019
2467,https://utahavalanchecenter.org/forecast/salt-lake/2/28/2019
2468,https://utahavalanchecenter.org/forecast/salt-lake/2/27/2019
2469,https://utahavalanchecenter.org/forecast/salt-lake/2/26/2019
2470,https://utahavalanchecenter.org/forecast/salt-lake/2/25/2019
2471,https://utahavalanchecenter.org/forecast/salt-lake/2/24/2019
2472,https://utahavalanchecenter.org/forecast/salt-lake/2/23/2019
2473,https://utahavalanchecenter.org/forecast/salt-lake/2/22/2019
2474,https://utahavalanchecenter.org/forecast/salt-lake/2/21/2019
2475,https://utahavalanchecenter.org/forecast/salt-lake/2/20/2019
2476,https://utahavalanchecenter.org/forecast/salt-lake/2/19/2019
2477,https://utahavalanchecenter.org/forecast/salt-lake/2/18/2019
2478,https://utahavalanchecenter.org/forecast/salt-lake/2/17/2019
2479,https://utahavalanchecenter.org/forecast/salt-lake/2/16/2019
2480,https://utahavalanchecenter.org/forecast/salt-lake/2/15/2019
2481,https://utahavalanchecenter.org/forecast/salt-lake/2/14/2019
2482,https://utahavalanchecenter.org/forecast/salt-lake/2/13/2019
2483,https://utahavalanchecenter.org/forecast/salt-lake/2/12/2019
2484,https://utahavalanchecenter.org/forecast/salt-lake/2/11/2019
2485,https://utahavalanchecenter.org/forecast/salt-lake/2/10/2019
2486,https://utahavalanchecenter.org/forecast/salt-lake/2/9/2019
2487,https://utahavalanchecenter.org/forecast/salt-lake/2/8/2019
2488,https://utahavalanchecenter.org/forecast/salt-lake/2/7/2019
2489,https://utahavalanchecenter.org/forecast/salt-lake/2/6/2019
2490,https://utahavalanchecenter.org/forecast/salt-lake/2/5/2019
2491,https://utahavalanchecenter.org/forecast/salt-lake/2/4/2019
2492,https://utahavalanchecenter.org/forecast/salt-lake/2/3/2019
2493,https://utahavalanchecenter.org/forecast/salt-lake/2/2/2019
2611,https://utahavalanchecenter.org/forecast/salt-lake/2/1/2019
2612,https://utahavalanchecenter.org/forecast/salt-lake/1/31/2019
2613,https://utahavalanchecenter.org/forecast/salt-lake/1/30/2019
2614,https://utahavalanchecenter.org/forecast/salt-lake/1/29/2019
2615,https://utahavalanchecenter.org/forecast/salt-lake/1/28/2019
2616,https://utahavalanchecenter.org/forecast/salt-lake/1/27/2019
2617,https://utahavalanchecenter.org/forecast/salt-lake/1/26/2019
2618,https://utahavalanchecenter.org/forecast/salt-lake/1/25/2019
2619,https://utahavalanchecenter.org/forecast/salt-lake/1/24/2019
2620,https://utahavalanchecenter.org/forecast/salt-lake/1/23/2019
2621,https://utahavalanchecenter.org/forecast/salt-lake/1/22/2019
2622,https://utahavalanchecenter.org/forecast/salt-lake/1/21/2019
2623,https://utahavalanchecenter.org/forecast/salt-lake/1/20/2019
2624,https://utahavalanchecenter.org/forecast/salt-lake/1/19/2019
2625,https://utahavalanchecenter.org/forecast/salt-lake/1/18/2019
2626,https://utahavalanchecenter.org/forecast/salt-lake/1/17/2019
2627,https://utahavalanchecenter.org/forecast/salt-lake/1/16/2019
2628,https://utahavalanchecenter.org/forecast/salt-lake/1/15/2019
2629,https://utahavalanchecenter.org/forecast/salt-lake/1/14/2019
2630,https://utahavalanchecenter.org/forecast/salt-lake/1/13/2019
2631,https://utahavalanchecenter.org/forecast/salt-lake/1/12/2019
2632,https://utahavalanchecenter.org/forecast/salt-lake/1/11/2019
2633,https://utahavalanchecenter.org/forecast/salt-lake/1/10/2019
2634,https://utahavalanchecenter.org/forecast/salt-lake/1/9/2019
2635,https://utahavalanchecenter.org/forecast/salt-lake/1/8/2019
2636,https://utahavalanchecenter.org/forecast/salt-lake/1/7/2019
2637,https://utahavalanchecenter.org/forecast/salt-lake/1/6/2019
2638,https://utahavalanchecenter.org/forecast/salt-lake/1/5/2019
2639,https://utahavalanchecenter.org/forecast/salt-lake/1/4/2019
2640,https://utahavalanchecenter.org/forecast/salt-lake/1/3/2019
2641,https://utahavalanchecenter.org/forecast/salt-lake/1/2/2019
2642,https://utahavalanchecenter.org/forecast/salt-lake/1/1/2019
2643,https://utahavalanchecenter.org/forecast/salt-lake/12/31/2018
2644,https://utahavalanchecenter.org/forecast/salt-lake/12/30/2018
2645,https://utahavalanchecenter.org/forecast/salt-lake/12/29/2018
2646,https://utahavalanchecenter.org/forecast/salt-lake/12/28/2018
2647,https://utahavalanchecenter.org/forecast/salt-lake/12/27/2018
2648,https://utahavalanchecenter.org/forecast/salt-lake/12/26/2018
2649,https://utahavalanchecenter.org/forecast/salt-lake/12/25/2018
2650,https://utahavalanchecenter.org/forecast/salt-lake/12/24/2018
2651,https://utahavalanchecenter.org/forecast/salt-lake/12/23/2018
2652,https://utahavalanchecenter.org/forecast/salt-lake/12/22/2018
2653,https://utahavalanchecenter.org/forecast/salt-lake/12/21/2018
2654,https://utahavalanchecenter.org/forecast/salt-lake/12/20/2018
2655,https://utahavalanchecenter.org/forecast/salt-lake/12/19/2018
2656,https://utahavalanchecenter.org/forecast/salt-lake/12/18/2018
2657,https://utahavalanchecenter.org/forecast/salt-lake/12/17/2018
2658,https://utahavalanchecenter.org/forecast/salt-lake/12/16/2018
2659,https://utahavalanchecenter.org/forecast/salt-lake/12/15/2018
2660,https://utahavalanchecenter.org/forecast/salt-lake/12/14/2018
2778,https://utahavalanchecenter.org/forecast/salt-lake/12/13/2018
2779,https://utahavalanchecenter.org/forecast/salt-lake/12/12/2018
2780,https://utahavalanchecenter.org/forecast/salt-lake/12/11/2018
2781,https://utahavalanchecenter.org/forecast/salt-lake/12/10/2018
2782,https://utahavalanchecenter.org/forecast/salt-lake/12/9/2018
2783,https://utahavalanchecenter.org/forecast/salt-lake/12/8/2018
2784,https://utahavalanchecenter.org/forecast/salt-lake/12/7/2018-0
2785,https://utahavalanchecenter.org/forecast/salt-lake/12/6/2018
2786,https://utahavalanchecenter.org/forecast/salt-lake/12/5/2018
2787,https://utahavalanchecenter.org/forecast/salt-lake/12/4/2018
2788,https://utahavalanchecenter.org/forecast/salt-lake/12/3/2018
2789,https://utahavalanchecenter.org/forecast/salt-lake/12/2/2018
2790,https://utahavalanchecenter.org/forecast/salt-lake/12/1/2018
2791,https://utahavalanchecenter.org/forecast/salt-lake/11/30/2018
2792,https://utahavalanchecenter.org/forecast/salt-lake/11/29/2018
2793,https://utahavalanchecenter.org/forecast/salt-lake/11/28/2018
2794,https://utahavalanchecenter.org/forecast/salt-lake/11/27/2018
2795,https://utahavalanchecenter.org/forecast/salt-lake/11/26/2018
2796,https://utahavalanchecenter.org/forecast/salt-lake/11/25/2018
2797,https://utahavalanchecenter.org/forecast/salt-lake/11/24/2018
2798,https://utahavalanchecenter.org/forecast/salt-lake/11/23/2018
2799,https://utahavalanchecenter.org/forecast/salt-lake/11/22/2018
2800,https://utahavalanchecenter.org/forecast/salt-lake/11/19/2018-0
2801,https://utahavalanchecenter.org/forecast/salt-lake/11/19/2018
2802,https://utahavalanchecenter.org/forecast/salt-lake/11/15/2018
2803,https://utahavalanchecenter.org/forecast/salt-lake/11/12/2018
2804,https://utahavalanchecenter.org/forecast/salt-lake/11/9/2018
2805,https://utahavalanchecenter.org/forecast/salt-lake/11/6/2018
2806,https://utahavalanchecenter.org/forecast/salt-lake/11/2/2018
2807,https://utahavalanchecenter.org/forecast/salt-lake/10/10/2018-0
2808,https://utahavalanchecenter.org/forecast/salt-lake/10/10/2018
